### 2026-05-26T17:17:24+08:00 sensors
iwlwifi_1-virtual-0
Adapter: Virtual device
temp1:        +39.0 C  

spd5118-i2c-5-52
Adapter: SMBus I801 adapter at 0000:00:1f.4
temp1:        +34.5 C  (low  =  +0.0 C, high = +55.0 C)
                       (crit low =  +0.0 C, crit = +85.0 C)

nvme-pci-0200
Adapter: PCI adapter
Composite:    +38.9 C  (low  = -273.1 C, high = +75.8 C)
                       (crit = +86.8 C)
Sensor 1:     +38.9 C  (low  = -273.1 C, high = +65261.8 C)
Sensor 2:     +37.9 C  (low  = -273.1 C, high = +65261.8 C)

coretemp-isa-0000
Adapter: ISA adapter
Package id 0:  +56.0 C  (high = +100.0 C, crit = +100.0 C)
Core 0:        +48.0 C  (high = +100.0 C, crit = +100.0 C)
Core 4:        +56.0 C  (high = +100.0 C, crit = +100.0 C)
Core 8:        +48.0 C  (high = +100.0 C, crit = +100.0 C)
Core 12:       +47.0 C  (high = +100.0 C, crit = +100.0 C)
Core 16:       +48.0 C  (high = +100.0 C, crit = +100.0 C)
Core 20:       +48.0 C  (high = +100.0 C, crit = +100.0 C)
Core 24:       +49.0 C  (high = +100.0 C, crit = +100.0 C)
Core 28:       +47.0 C  (high = +100.0 C, crit = +100.0 C)
Core 32:       +50.0 C  (high = +100.0 C, crit = +100.0 C)
Core 33:       +48.0 C  (high = +100.0 C, crit = +100.0 C)
Core 34:       +48.0 C  (high = +100.0 C, crit = +100.0 C)
Core 35:       +48.0 C  (high = +100.0 C, crit = +100.0 C)
Core 36:       +49.0 C  (high = +100.0 C, crit = +100.0 C)
Core 37:       +49.0 C  (high = +100.0 C, crit = +100.0 C)
Core 38:       +49.0 C  (high = +100.0 C, crit = +100.0 C)
Core 39:       +49.0 C  (high = +100.0 C, crit = +100.0 C)
Core 40:       +52.0 C  (high = +100.0 C, crit = +100.0 C)
Core 41:       +52.0 C  (high = +100.0 C, crit = +100.0 C)
Core 42:       +52.0 C  (high = +100.0 C, crit = +100.0 C)
Core 43:       +52.0 C  (high = +100.0 C, crit = +100.0 C)
Core 44:       +48.0 C  (high = +100.0 C, crit = +100.0 C)
Core 45:       +48.0 C  (high = +100.0 C, crit = +100.0 C)
Core 46:       +48.0 C  (high = +100.0 C, crit = +100.0 C)
Core 47:       +48.0 C  (high = +100.0 C, crit = +100.0 C)

spd5118-i2c-5-50
Adapter: SMBus I801 adapter at 0000:00:1f.4
temp1:        +35.8 C  (low  =  +0.0 C, high = +55.0 C)
                       (crit low =  +0.0 C, crit = +85.0 C)

BAT0-acpi-0
Adapter: ACPI interface
in0:          16.38 V  
power1:        0.00 W  

### 2026-05-26T17:17:24+08:00 nvidia
2026/05/26 17:17:24.688, NVIDIA GeForce RTX 4060 Laptop GPU, GPU-5011cbcd-7033-6444-66e7-e485ade01645, P0, 42, 16.82, [N/A], 1890, 8001, 13, 6, 615
### 2026-05-26T17:17:24+08:00 cpu_frequency
/sys/devices/system/cpu/cpu0/cpufreq/scaling_cur_freq:4499954
/sys/devices/system/cpu/cpu1/cpufreq/scaling_cur_freq:4500000
/sys/devices/system/cpu/cpu10/cpufreq/scaling_cur_freq:4499954
/sys/devices/system/cpu/cpu11/cpufreq/scaling_cur_freq:4500045
/sys/devices/system/cpu/cpu12/cpufreq/scaling_cur_freq:4500000
/sys/devices/system/cpu/cpu13/cpufreq/scaling_cur_freq:4500000
/sys/devices/system/cpu/cpu14/cpufreq/scaling_cur_freq:4499954
/sys/devices/system/cpu/cpu15/cpufreq/scaling_cur_freq:4500045
/sys/devices/system/cpu/cpu16/cpufreq/scaling_cur_freq:3600007
/sys/devices/system/cpu/cpu17/cpufreq/scaling_cur_freq:3600037
/sys/devices/system/cpu/cpu18/cpufreq/scaling_cur_freq:3599978
/sys/devices/system/cpu/cpu19/cpufreq/scaling_cur_freq:3600100
/sys/devices/system/cpu/cpu2/cpufreq/scaling_cur_freq:4499954
/sys/devices/system/cpu/cpu20/cpufreq/scaling_cur_freq:3599993
/sys/devices/system/cpu/cpu21/cpufreq/scaling_cur_freq:3599977
/sys/devices/system/cpu/cpu22/cpufreq/scaling_cur_freq:3599996
/sys/devices/system/cpu/cpu23/cpufreq/scaling_cur_freq:3600023
/sys/devices/system/cpu/cpu24/cpufreq/scaling_cur_freq:3599909
/sys/devices/system/cpu/cpu25/cpufreq/scaling_cur_freq:3599973
/sys/devices/system/cpu/cpu26/cpufreq/scaling_cur_freq:3600045
/sys/devices/system/cpu/cpu27/cpufreq/scaling_cur_freq:3599905
/sys/devices/system/cpu/cpu28/cpufreq/scaling_cur_freq:3599979
/sys/devices/system/cpu/cpu29/cpufreq/scaling_cur_freq:3599969
/sys/devices/system/cpu/cpu3/cpufreq/scaling_cur_freq:4499954
/sys/devices/system/cpu/cpu30/cpufreq/scaling_cur_freq:3600019
/sys/devices/system/cpu/cpu31/cpufreq/scaling_cur_freq:3599971
/sys/devices/system/cpu/cpu4/cpufreq/scaling_cur_freq:4500045
/sys/devices/system/cpu/cpu5/cpufreq/scaling_cur_freq:4500000
/sys/devices/system/cpu/cpu6/cpufreq/scaling_cur_freq:4500045
/sys/devices/system/cpu/cpu7/cpufreq/scaling_cur_freq:4500000
/sys/devices/system/cpu/cpu8/cpufreq/scaling_cur_freq:4500000
/sys/devices/system/cpu/cpu9/cpufreq/scaling_cur_freq:4500000
### 2026-05-26T17:17:29+08:00 sensors
iwlwifi_1-virtual-0
Adapter: Virtual device
temp1:        +39.0 C  

spd5118-i2c-5-52
Adapter: SMBus I801 adapter at 0000:00:1f.4
temp1:        +34.5 C  (low  =  +0.0 C, high = +55.0 C)
                       (crit low =  +0.0 C, crit = +85.0 C)

nvme-pci-0200
Adapter: PCI adapter
Composite:    +38.9 C  (low  = -273.1 C, high = +75.8 C)
                       (crit = +86.8 C)
Sensor 1:     +38.9 C  (low  = -273.1 C, high = +65261.8 C)
Sensor 2:     +36.9 C  (low  = -273.1 C, high = +65261.8 C)

coretemp-isa-0000
Adapter: ISA adapter
Package id 0:  +95.0 C  (high = +100.0 C, crit = +100.0 C)
Core 0:        +75.0 C  (high = +100.0 C, crit = +100.0 C)
Core 4:        +86.0 C  (high = +100.0 C, crit = +100.0 C)
Core 8:        +76.0 C  (high = +100.0 C, crit = +100.0 C)
Core 12:       +91.0 C  (high = +100.0 C, crit = +100.0 C)
Core 16:       +77.0 C  (high = +100.0 C, crit = +100.0 C)
Core 20:       +95.0 C  (high = +100.0 C, crit = +100.0 C)
Core 24:       +78.0 C  (high = +100.0 C, crit = +100.0 C)
Core 28:       +88.0 C  (high = +100.0 C, crit = +100.0 C)
Core 32:       +74.0 C  (high = +100.0 C, crit = +100.0 C)
Core 33:       +74.0 C  (high = +100.0 C, crit = +100.0 C)
Core 34:       +74.0 C  (high = +100.0 C, crit = +100.0 C)
Core 35:       +74.0 C  (high = +100.0 C, crit = +100.0 C)
Core 36:       +87.0 C  (high = +100.0 C, crit = +100.0 C)
Core 37:       +87.0 C  (high = +100.0 C, crit = +100.0 C)
Core 38:       +87.0 C  (high = +100.0 C, crit = +100.0 C)
Core 39:       +87.0 C  (high = +100.0 C, crit = +100.0 C)
Core 40:       +77.0 C  (high = +100.0 C, crit = +100.0 C)
Core 41:       +77.0 C  (high = +100.0 C, crit = +100.0 C)
Core 42:       +77.0 C  (high = +100.0 C, crit = +100.0 C)
Core 43:       +76.0 C  (high = +100.0 C, crit = +100.0 C)
Core 44:       +83.0 C  (high = +100.0 C, crit = +100.0 C)
Core 45:       +83.0 C  (high = +100.0 C, crit = +100.0 C)
Core 46:       +83.0 C  (high = +100.0 C, crit = +100.0 C)
Core 47:       +83.0 C  (high = +100.0 C, crit = +100.0 C)

spd5118-i2c-5-50
Adapter: SMBus I801 adapter at 0000:00:1f.4
temp1:        +35.8 C  (low  =  +0.0 C, high = +55.0 C)
                       (crit low =  +0.0 C, crit = +85.0 C)

BAT0-acpi-0
Adapter: ACPI interface
in0:          16.38 V  
power1:        0.00 W  

### 2026-05-26T17:17:29+08:00 nvidia
2026/05/26 17:17:29.815, NVIDIA GeForce RTX 4060 Laptop GPU, GPU-5011cbcd-7033-6444-66e7-e485ade01645, P3, 44, 13.93, [N/A], 1260, 7001, 24, 9, 615
### 2026-05-26T17:17:29+08:00 cpu_frequency
/sys/devices/system/cpu/cpu0/cpufreq/scaling_cur_freq:4400000
/sys/devices/system/cpu/cpu1/cpufreq/scaling_cur_freq:4400000
/sys/devices/system/cpu/cpu10/cpufreq/scaling_cur_freq:4400000
/sys/devices/system/cpu/cpu11/cpufreq/scaling_cur_freq:4399955
/sys/devices/system/cpu/cpu12/cpufreq/scaling_cur_freq:4400000
/sys/devices/system/cpu/cpu13/cpufreq/scaling_cur_freq:4400000
/sys/devices/system/cpu/cpu14/cpufreq/scaling_cur_freq:4174156
/sys/devices/system/cpu/cpu15/cpufreq/scaling_cur_freq:4174068
/sys/devices/system/cpu/cpu16/cpufreq/scaling_cur_freq:3494119
/sys/devices/system/cpu/cpu17/cpufreq/scaling_cur_freq:3494102
/sys/devices/system/cpu/cpu18/cpufreq/scaling_cur_freq:3494048
/sys/devices/system/cpu/cpu19/cpufreq/scaling_cur_freq:3494081
/sys/devices/system/cpu/cpu2/cpufreq/scaling_cur_freq:4399955
/sys/devices/system/cpu/cpu20/cpufreq/scaling_cur_freq:3494163
/sys/devices/system/cpu/cpu21/cpufreq/scaling_cur_freq:3494233
/sys/devices/system/cpu/cpu22/cpufreq/scaling_cur_freq:3494270
/sys/devices/system/cpu/cpu23/cpufreq/scaling_cur_freq:3494184
/sys/devices/system/cpu/cpu24/cpufreq/scaling_cur_freq:3494035
/sys/devices/system/cpu/cpu25/cpufreq/scaling_cur_freq:3493997
/sys/devices/system/cpu/cpu26/cpufreq/scaling_cur_freq:3494036
/sys/devices/system/cpu/cpu27/cpufreq/scaling_cur_freq:3494178
/sys/devices/system/cpu/cpu28/cpufreq/scaling_cur_freq:3494075
/sys/devices/system/cpu/cpu29/cpufreq/scaling_cur_freq:3493984
/sys/devices/system/cpu/cpu3/cpufreq/scaling_cur_freq:4399955
/sys/devices/system/cpu/cpu30/cpufreq/scaling_cur_freq:3494090
/sys/devices/system/cpu/cpu31/cpufreq/scaling_cur_freq:3494034
/sys/devices/system/cpu/cpu4/cpufreq/scaling_cur_freq:4400000
/sys/devices/system/cpu/cpu5/cpufreq/scaling_cur_freq:4399955
/sys/devices/system/cpu/cpu6/cpufreq/scaling_cur_freq:4400000
/sys/devices/system/cpu/cpu7/cpufreq/scaling_cur_freq:4400044
/sys/devices/system/cpu/cpu8/cpufreq/scaling_cur_freq:4400044
/sys/devices/system/cpu/cpu9/cpufreq/scaling_cur_freq:4399955
### 2026-05-26T17:17:34+08:00 sensors
iwlwifi_1-virtual-0
Adapter: Virtual device
temp1:        +39.0 C  

spd5118-i2c-5-52
Adapter: SMBus I801 adapter at 0000:00:1f.4
temp1:        +34.8 C  (low  =  +0.0 C, high = +55.0 C)
                       (crit low =  +0.0 C, crit = +85.0 C)

nvme-pci-0200
Adapter: PCI adapter
Composite:    +38.9 C  (low  = -273.1 C, high = +75.8 C)
                       (crit = +86.8 C)
Sensor 1:     +38.9 C  (low  = -273.1 C, high = +65261.8 C)
Sensor 2:     +37.9 C  (low  = -273.1 C, high = +65261.8 C)

coretemp-isa-0000
Adapter: ISA adapter
Package id 0:  +96.0 C  (high = +100.0 C, crit = +100.0 C)
Core 0:        +76.0 C  (high = +100.0 C, crit = +100.0 C)
Core 4:        +88.0 C  (high = +100.0 C, crit = +100.0 C)
Core 8:        +78.0 C  (high = +100.0 C, crit = +100.0 C)
Core 12:       +95.0 C  (high = +100.0 C, crit = +100.0 C)
Core 16:       +81.0 C  (high = +100.0 C, crit = +100.0 C)
Core 20:       +96.0 C  (high = +100.0 C, crit = +100.0 C)
Core 24:       +80.0 C  (high = +100.0 C, crit = +100.0 C)
Core 28:       +93.0 C  (high = +100.0 C, crit = +100.0 C)
Core 32:       +79.0 C  (high = +100.0 C, crit = +100.0 C)
Core 33:       +79.0 C  (high = +100.0 C, crit = +100.0 C)
Core 34:       +78.0 C  (high = +100.0 C, crit = +100.0 C)
Core 35:       +79.0 C  (high = +100.0 C, crit = +100.0 C)
Core 36:       +89.0 C  (high = +100.0 C, crit = +100.0 C)
Core 37:       +89.0 C  (high = +100.0 C, crit = +100.0 C)
Core 38:       +89.0 C  (high = +100.0 C, crit = +100.0 C)
Core 39:       +89.0 C  (high = +100.0 C, crit = +100.0 C)
Core 40:       +77.0 C  (high = +100.0 C, crit = +100.0 C)
Core 41:       +77.0 C  (high = +100.0 C, crit = +100.0 C)
Core 42:       +77.0 C  (high = +100.0 C, crit = +100.0 C)
Core 43:       +78.0 C  (high = +100.0 C, crit = +100.0 C)
Core 44:       +85.0 C  (high = +100.0 C, crit = +100.0 C)
Core 45:       +84.0 C  (high = +100.0 C, crit = +100.0 C)
Core 46:       +85.0 C  (high = +100.0 C, crit = +100.0 C)
Core 47:       +85.0 C  (high = +100.0 C, crit = +100.0 C)

spd5118-i2c-5-50
Adapter: SMBus I801 adapter at 0000:00:1f.4
temp1:        +36.0 C  (low  =  +0.0 C, high = +55.0 C)
                       (crit low =  +0.0 C, crit = +85.0 C)

BAT0-acpi-0
Adapter: ACPI interface
in0:          16.38 V  
power1:        0.00 W  

### 2026-05-26T17:17:34+08:00 nvidia
2026/05/26 17:17:34.994, NVIDIA GeForce RTX 4060 Laptop GPU, GPU-5011cbcd-7033-6444-66e7-e485ade01645, P0, 47, 18.96, [N/A], 1890, 8001, 16, 6, 694
### 2026-05-26T17:17:35+08:00 cpu_frequency
/sys/devices/system/cpu/cpu0/cpufreq/scaling_cur_freq:4300000
/sys/devices/system/cpu/cpu1/cpufreq/scaling_cur_freq:4300000
/sys/devices/system/cpu/cpu10/cpufreq/scaling_cur_freq:4225826
/sys/devices/system/cpu/cpu11/cpufreq/scaling_cur_freq:4225868
/sys/devices/system/cpu/cpu12/cpufreq/scaling_cur_freq:4300043
/sys/devices/system/cpu/cpu13/cpufreq/scaling_cur_freq:4300000
/sys/devices/system/cpu/cpu14/cpufreq/scaling_cur_freq:4299956
/sys/devices/system/cpu/cpu15/cpufreq/scaling_cur_freq:4299956
/sys/devices/system/cpu/cpu16/cpufreq/scaling_cur_freq:3487000
/sys/devices/system/cpu/cpu17/cpufreq/scaling_cur_freq:3487062
/sys/devices/system/cpu/cpu18/cpufreq/scaling_cur_freq:3487004
/sys/devices/system/cpu/cpu19/cpufreq/scaling_cur_freq:3487125
/sys/devices/system/cpu/cpu2/cpufreq/scaling_cur_freq:4299956
/sys/devices/system/cpu/cpu20/cpufreq/scaling_cur_freq:3487032
/sys/devices/system/cpu/cpu21/cpufreq/scaling_cur_freq:3487115
/sys/devices/system/cpu/cpu22/cpufreq/scaling_cur_freq:3487108
/sys/devices/system/cpu/cpu23/cpufreq/scaling_cur_freq:3486941
/sys/devices/system/cpu/cpu24/cpufreq/scaling_cur_freq:3486871
/sys/devices/system/cpu/cpu25/cpufreq/scaling_cur_freq:3486874
/sys/devices/system/cpu/cpu26/cpufreq/scaling_cur_freq:3486896
/sys/devices/system/cpu/cpu27/cpufreq/scaling_cur_freq:3486932
/sys/devices/system/cpu/cpu28/cpufreq/scaling_cur_freq:3486810
/sys/devices/system/cpu/cpu29/cpufreq/scaling_cur_freq:3486806
/sys/devices/system/cpu/cpu3/cpufreq/scaling_cur_freq:4300000
/sys/devices/system/cpu/cpu30/cpufreq/scaling_cur_freq:3486815
/sys/devices/system/cpu/cpu31/cpufreq/scaling_cur_freq:3486854
/sys/devices/system/cpu/cpu4/cpufreq/scaling_cur_freq:4300043
/sys/devices/system/cpu/cpu5/cpufreq/scaling_cur_freq:4299956
/sys/devices/system/cpu/cpu6/cpufreq/scaling_cur_freq:4300000
/sys/devices/system/cpu/cpu7/cpufreq/scaling_cur_freq:4300043
/sys/devices/system/cpu/cpu8/cpufreq/scaling_cur_freq:4300000
/sys/devices/system/cpu/cpu9/cpufreq/scaling_cur_freq:4300000
### 2026-05-26T17:17:40+08:00 sensors
iwlwifi_1-virtual-0
Adapter: Virtual device
temp1:        +39.0 C  

spd5118-i2c-5-52
Adapter: SMBus I801 adapter at 0000:00:1f.4
temp1:        +34.8 C  (low  =  +0.0 C, high = +55.0 C)
                       (crit low =  +0.0 C, crit = +85.0 C)

nvme-pci-0200
Adapter: PCI adapter
Composite:    +38.9 C  (low  = -273.1 C, high = +75.8 C)
                       (crit = +86.8 C)
Sensor 1:     +38.9 C  (low  = -273.1 C, high = +65261.8 C)
Sensor 2:     +38.9 C  (low  = -273.1 C, high = +65261.8 C)

coretemp-isa-0000
Adapter: ISA adapter
Package id 0:  +97.0 C  (high = +100.0 C, crit = +100.0 C)
Core 0:        +77.0 C  (high = +100.0 C, crit = +100.0 C)
Core 4:        +89.0 C  (high = +100.0 C, crit = +100.0 C)
Core 8:        +78.0 C  (high = +100.0 C, crit = +100.0 C)
Core 12:       +94.0 C  (high = +100.0 C, crit = +100.0 C)
Core 16:       +81.0 C  (high = +100.0 C, crit = +100.0 C)
Core 20:       +96.0 C  (high = +100.0 C, crit = +100.0 C)
Core 24:       +80.0 C  (high = +100.0 C, crit = +100.0 C)
Core 28:       +94.0 C  (high = +100.0 C, crit = +100.0 C)
Core 32:       +79.0 C  (high = +100.0 C, crit = +100.0 C)
Core 33:       +79.0 C  (high = +100.0 C, crit = +100.0 C)
Core 34:       +79.0 C  (high = +100.0 C, crit = +100.0 C)
Core 35:       +79.0 C  (high = +100.0 C, crit = +100.0 C)
Core 36:       +89.0 C  (high = +100.0 C, crit = +100.0 C)
Core 37:       +89.0 C  (high = +100.0 C, crit = +100.0 C)
Core 38:       +89.0 C  (high = +100.0 C, crit = +100.0 C)
Core 39:       +89.0 C  (high = +100.0 C, crit = +100.0 C)
Core 40:       +78.0 C  (high = +100.0 C, crit = +100.0 C)
Core 41:       +78.0 C  (high = +100.0 C, crit = +100.0 C)
Core 42:       +78.0 C  (high = +100.0 C, crit = +100.0 C)
Core 43:       +78.0 C  (high = +100.0 C, crit = +100.0 C)
Core 44:       +87.0 C  (high = +100.0 C, crit = +100.0 C)
Core 45:       +87.0 C  (high = +100.0 C, crit = +100.0 C)
Core 46:       +87.0 C  (high = +100.0 C, crit = +100.0 C)
Core 47:       +87.0 C  (high = +100.0 C, crit = +100.0 C)

spd5118-i2c-5-50
Adapter: SMBus I801 adapter at 0000:00:1f.4
temp1:        +36.2 C  (low  =  +0.0 C, high = +55.0 C)
                       (crit low =  +0.0 C, crit = +85.0 C)

BAT0-acpi-0
Adapter: ACPI interface
in0:          16.38 V  
power1:        0.00 W  

### 2026-05-26T17:17:40+08:00 nvidia
2026/05/26 17:17:40.161, NVIDIA GeForce RTX 4060 Laptop GPU, GPU-5011cbcd-7033-6444-66e7-e485ade01645, P0, 47, 9.55, [N/A], 1440, 8001, 24, 14, 694
### 2026-05-26T17:17:40+08:00 cpu_frequency
/sys/devices/system/cpu/cpu0/cpufreq/scaling_cur_freq:4100000
/sys/devices/system/cpu/cpu1/cpufreq/scaling_cur_freq:4100040
/sys/devices/system/cpu/cpu10/cpufreq/scaling_cur_freq:4100000
/sys/devices/system/cpu/cpu11/cpufreq/scaling_cur_freq:4099958
/sys/devices/system/cpu/cpu12/cpufreq/scaling_cur_freq:4100040
/sys/devices/system/cpu/cpu13/cpufreq/scaling_cur_freq:4100000
/sys/devices/system/cpu/cpu14/cpufreq/scaling_cur_freq:4099958
/sys/devices/system/cpu/cpu15/cpufreq/scaling_cur_freq:4099958
/sys/devices/system/cpu/cpu16/cpufreq/scaling_cur_freq:3399815
/sys/devices/system/cpu/cpu17/cpufreq/scaling_cur_freq:3399821
/sys/devices/system/cpu/cpu18/cpufreq/scaling_cur_freq:3399915
/sys/devices/system/cpu/cpu19/cpufreq/scaling_cur_freq:3399870
/sys/devices/system/cpu/cpu2/cpufreq/scaling_cur_freq:4099958
/sys/devices/system/cpu/cpu20/cpufreq/scaling_cur_freq:3399902
/sys/devices/system/cpu/cpu21/cpufreq/scaling_cur_freq:3399960
/sys/devices/system/cpu/cpu22/cpufreq/scaling_cur_freq:3399803
/sys/devices/system/cpu/cpu23/cpufreq/scaling_cur_freq:3399888
/sys/devices/system/cpu/cpu24/cpufreq/scaling_cur_freq:3399886
/sys/devices/system/cpu/cpu25/cpufreq/scaling_cur_freq:3399874
/sys/devices/system/cpu/cpu26/cpufreq/scaling_cur_freq:3399909
/sys/devices/system/cpu/cpu27/cpufreq/scaling_cur_freq:3399991
/sys/devices/system/cpu/cpu28/cpufreq/scaling_cur_freq:3399786
/sys/devices/system/cpu/cpu29/cpufreq/scaling_cur_freq:3400008
/sys/devices/system/cpu/cpu3/cpufreq/scaling_cur_freq:4100000
/sys/devices/system/cpu/cpu30/cpufreq/scaling_cur_freq:3399851
/sys/devices/system/cpu/cpu31/cpufreq/scaling_cur_freq:3399864
/sys/devices/system/cpu/cpu4/cpufreq/scaling_cur_freq:4100000
/sys/devices/system/cpu/cpu5/cpufreq/scaling_cur_freq:4100040
/sys/devices/system/cpu/cpu6/cpufreq/scaling_cur_freq:4100000
/sys/devices/system/cpu/cpu7/cpufreq/scaling_cur_freq:4099958
/sys/devices/system/cpu/cpu8/cpufreq/scaling_cur_freq:4100000
/sys/devices/system/cpu/cpu9/cpufreq/scaling_cur_freq:4100000
### 2026-05-26T17:17:45+08:00 sensors
iwlwifi_1-virtual-0
Adapter: Virtual device
temp1:        +40.0 C  

spd5118-i2c-5-52
Adapter: SMBus I801 adapter at 0000:00:1f.4
temp1:        +35.0 C  (low  =  +0.0 C, high = +55.0 C)
                       (crit low =  +0.0 C, crit = +85.0 C)

nvme-pci-0200
Adapter: PCI adapter
Composite:    +38.9 C  (low  = -273.1 C, high = +75.8 C)
                       (crit = +86.8 C)
Sensor 1:     +38.9 C  (low  = -273.1 C, high = +65261.8 C)
Sensor 2:     +37.9 C  (low  = -273.1 C, high = +65261.8 C)

coretemp-isa-0000
Adapter: ISA adapter
Package id 0:  +97.0 C  (high = +100.0 C, crit = +100.0 C)
Core 0:        +77.0 C  (high = +100.0 C, crit = +100.0 C)
Core 4:        +90.0 C  (high = +100.0 C, crit = +100.0 C)
Core 8:        +78.0 C  (high = +100.0 C, crit = +100.0 C)
Core 12:       +94.0 C  (high = +100.0 C, crit = +100.0 C)
Core 16:       +80.0 C  (high = +100.0 C, crit = +100.0 C)
Core 20:       +97.0 C  (high = +100.0 C, crit = +100.0 C)
Core 24:       +80.0 C  (high = +100.0 C, crit = +100.0 C)
Core 28:       +94.0 C  (high = +100.0 C, crit = +100.0 C)
Core 32:       +79.0 C  (high = +100.0 C, crit = +100.0 C)
Core 33:       +78.0 C  (high = +100.0 C, crit = +100.0 C)
Core 34:       +79.0 C  (high = +100.0 C, crit = +100.0 C)
Core 35:       +78.0 C  (high = +100.0 C, crit = +100.0 C)
Core 36:       +91.0 C  (high = +100.0 C, crit = +100.0 C)
Core 37:       +89.0 C  (high = +100.0 C, crit = +100.0 C)
Core 38:       +91.0 C  (high = +100.0 C, crit = +100.0 C)
Core 39:       +91.0 C  (high = +100.0 C, crit = +100.0 C)
Core 40:       +78.0 C  (high = +100.0 C, crit = +100.0 C)
Core 41:       +78.0 C  (high = +100.0 C, crit = +100.0 C)
Core 42:       +78.0 C  (high = +100.0 C, crit = +100.0 C)
Core 43:       +78.0 C  (high = +100.0 C, crit = +100.0 C)
Core 44:       +88.0 C  (high = +100.0 C, crit = +100.0 C)
Core 45:       +88.0 C  (high = +100.0 C, crit = +100.0 C)
Core 46:       +88.0 C  (high = +100.0 C, crit = +100.0 C)
Core 47:       +88.0 C  (high = +100.0 C, crit = +100.0 C)

spd5118-i2c-5-50
Adapter: SMBus I801 adapter at 0000:00:1f.4
temp1:        +36.2 C  (low  =  +0.0 C, high = +55.0 C)
                       (crit low =  +0.0 C, crit = +85.0 C)

BAT0-acpi-0
Adapter: ACPI interface
in0:          16.37 V  
power1:        0.00 W  

### 2026-05-26T17:17:45+08:00 nvidia
2026/05/26 17:17:45.353, NVIDIA GeForce RTX 4060 Laptop GPU, GPU-5011cbcd-7033-6444-66e7-e485ade01645, P8, 47, 4.42, [N/A], 225, 405, 49, 38, 694
### 2026-05-26T17:17:45+08:00 cpu_frequency
/sys/devices/system/cpu/cpu0/cpufreq/scaling_cur_freq:4100041
/sys/devices/system/cpu/cpu1/cpufreq/scaling_cur_freq:4100041
/sys/devices/system/cpu/cpu10/cpufreq/scaling_cur_freq:4100000
/sys/devices/system/cpu/cpu11/cpufreq/scaling_cur_freq:4100000
/sys/devices/system/cpu/cpu12/cpufreq/scaling_cur_freq:4099958
/sys/devices/system/cpu/cpu13/cpufreq/scaling_cur_freq:4100041
/sys/devices/system/cpu/cpu14/cpufreq/scaling_cur_freq:4100000
/sys/devices/system/cpu/cpu15/cpufreq/scaling_cur_freq:4100041
/sys/devices/system/cpu/cpu16/cpufreq/scaling_cur_freq:3400053
/sys/devices/system/cpu/cpu17/cpufreq/scaling_cur_freq:3400036
/sys/devices/system/cpu/cpu18/cpufreq/scaling_cur_freq:3399878
/sys/devices/system/cpu/cpu19/cpufreq/scaling_cur_freq:3400061
/sys/devices/system/cpu/cpu2/cpufreq/scaling_cur_freq:4100000
/sys/devices/system/cpu/cpu20/cpufreq/scaling_cur_freq:3400040
/sys/devices/system/cpu/cpu21/cpufreq/scaling_cur_freq:3400006
/sys/devices/system/cpu/cpu22/cpufreq/scaling_cur_freq:3400020
/sys/devices/system/cpu/cpu23/cpufreq/scaling_cur_freq:3399985
/sys/devices/system/cpu/cpu24/cpufreq/scaling_cur_freq:3399986
/sys/devices/system/cpu/cpu25/cpufreq/scaling_cur_freq:3400003
/sys/devices/system/cpu/cpu26/cpufreq/scaling_cur_freq:3399993
/sys/devices/system/cpu/cpu27/cpufreq/scaling_cur_freq:3399971
/sys/devices/system/cpu/cpu28/cpufreq/scaling_cur_freq:3399927
/sys/devices/system/cpu/cpu29/cpufreq/scaling_cur_freq:3400052
/sys/devices/system/cpu/cpu3/cpufreq/scaling_cur_freq:4100041
/sys/devices/system/cpu/cpu30/cpufreq/scaling_cur_freq:3399979
/sys/devices/system/cpu/cpu31/cpufreq/scaling_cur_freq:3399979
/sys/devices/system/cpu/cpu4/cpufreq/scaling_cur_freq:4099958
/sys/devices/system/cpu/cpu5/cpufreq/scaling_cur_freq:4100000
/sys/devices/system/cpu/cpu6/cpufreq/scaling_cur_freq:4100000
/sys/devices/system/cpu/cpu7/cpufreq/scaling_cur_freq:4100000
/sys/devices/system/cpu/cpu8/cpufreq/scaling_cur_freq:4022251
/sys/devices/system/cpu/cpu9/cpufreq/scaling_cur_freq:4022288
### 2026-05-26T17:17:50+08:00 sensors
iwlwifi_1-virtual-0
Adapter: Virtual device
temp1:        +40.0 C  

spd5118-i2c-5-52
Adapter: SMBus I801 adapter at 0000:00:1f.4
temp1:        +35.0 C  (low  =  +0.0 C, high = +55.0 C)
                       (crit low =  +0.0 C, crit = +85.0 C)

nvme-pci-0200
Adapter: PCI adapter
Composite:    +38.9 C  (low  = -273.1 C, high = +75.8 C)
                       (crit = +86.8 C)
Sensor 1:     +38.9 C  (low  = -273.1 C, high = +65261.8 C)
Sensor 2:     +37.9 C  (low  = -273.1 C, high = +65261.8 C)

coretemp-isa-0000
Adapter: ISA adapter
Package id 0:  +96.0 C  (high = +100.0 C, crit = +100.0 C)
Core 0:        +77.0 C  (high = +100.0 C, crit = +100.0 C)
Core 4:        +89.0 C  (high = +100.0 C, crit = +100.0 C)
Core 8:        +78.0 C  (high = +100.0 C, crit = +100.0 C)
Core 12:       +95.0 C  (high = +100.0 C, crit = +100.0 C)
Core 16:       +81.0 C  (high = +100.0 C, crit = +100.0 C)
Core 20:       +96.0 C  (high = +100.0 C, crit = +100.0 C)
Core 24:       +80.0 C  (high = +100.0 C, crit = +100.0 C)
Core 28:       +94.0 C  (high = +100.0 C, crit = +100.0 C)
Core 32:       +79.0 C  (high = +100.0 C, crit = +100.0 C)
Core 33:       +79.0 C  (high = +100.0 C, crit = +100.0 C)
Core 34:       +78.0 C  (high = +100.0 C, crit = +100.0 C)
Core 35:       +78.0 C  (high = +100.0 C, crit = +100.0 C)
Core 36:       +91.0 C  (high = +100.0 C, crit = +100.0 C)
Core 37:       +91.0 C  (high = +100.0 C, crit = +100.0 C)
Core 38:       +91.0 C  (high = +100.0 C, crit = +100.0 C)
Core 39:       +89.0 C  (high = +100.0 C, crit = +100.0 C)
Core 40:       +78.0 C  (high = +100.0 C, crit = +100.0 C)
Core 41:       +79.0 C  (high = +100.0 C, crit = +100.0 C)
Core 42:       +78.0 C  (high = +100.0 C, crit = +100.0 C)
Core 43:       +79.0 C  (high = +100.0 C, crit = +100.0 C)
Core 44:       +87.0 C  (high = +100.0 C, crit = +100.0 C)
Core 45:       +86.0 C  (high = +100.0 C, crit = +100.0 C)
Core 46:       +87.0 C  (high = +100.0 C, crit = +100.0 C)
Core 47:       +87.0 C  (high = +100.0 C, crit = +100.0 C)

spd5118-i2c-5-50
Adapter: SMBus I801 adapter at 0000:00:1f.4
temp1:        +36.5 C  (low  =  +0.0 C, high = +55.0 C)
                       (crit low =  +0.0 C, crit = +85.0 C)

BAT0-acpi-0
Adapter: ACPI interface
in0:          16.38 V  
power1:        0.00 W  

### 2026-05-26T17:17:50+08:00 nvidia
2026/05/26 17:17:50.580, NVIDIA GeForce RTX 4060 Laptop GPU, GPU-5011cbcd-7033-6444-66e7-e485ade01645, P8, 48, 4.18, [N/A], 270, 405, 29, 23, 694
### 2026-05-26T17:17:50+08:00 cpu_frequency
/sys/devices/system/cpu/cpu0/cpufreq/scaling_cur_freq:4099958
/sys/devices/system/cpu/cpu1/cpufreq/scaling_cur_freq:4100000
/sys/devices/system/cpu/cpu10/cpufreq/scaling_cur_freq:4100000
/sys/devices/system/cpu/cpu11/cpufreq/scaling_cur_freq:4100000
/sys/devices/system/cpu/cpu12/cpufreq/scaling_cur_freq:4100041
/sys/devices/system/cpu/cpu13/cpufreq/scaling_cur_freq:4100041
/sys/devices/system/cpu/cpu14/cpufreq/scaling_cur_freq:4100000
/sys/devices/system/cpu/cpu15/cpufreq/scaling_cur_freq:4100000
/sys/devices/system/cpu/cpu16/cpufreq/scaling_cur_freq:3399963
/sys/devices/system/cpu/cpu17/cpufreq/scaling_cur_freq:3400018
/sys/devices/system/cpu/cpu18/cpufreq/scaling_cur_freq:3400018
/sys/devices/system/cpu/cpu19/cpufreq/scaling_cur_freq:3400003
/sys/devices/system/cpu/cpu2/cpufreq/scaling_cur_freq:3992986
/sys/devices/system/cpu/cpu20/cpufreq/scaling_cur_freq:3399980
/sys/devices/system/cpu/cpu21/cpufreq/scaling_cur_freq:3399995
/sys/devices/system/cpu/cpu22/cpufreq/scaling_cur_freq:3400047
/sys/devices/system/cpu/cpu23/cpufreq/scaling_cur_freq:3399931
/sys/devices/system/cpu/cpu24/cpufreq/scaling_cur_freq:3400088
/sys/devices/system/cpu/cpu25/cpufreq/scaling_cur_freq:3400013
/sys/devices/system/cpu/cpu26/cpufreq/scaling_cur_freq:3399890
/sys/devices/system/cpu/cpu27/cpufreq/scaling_cur_freq:3400087
/sys/devices/system/cpu/cpu28/cpufreq/scaling_cur_freq:3400056
/sys/devices/system/cpu/cpu29/cpufreq/scaling_cur_freq:3399928
/sys/devices/system/cpu/cpu3/cpufreq/scaling_cur_freq:3992983
/sys/devices/system/cpu/cpu30/cpufreq/scaling_cur_freq:3399936
/sys/devices/system/cpu/cpu31/cpufreq/scaling_cur_freq:3400078
/sys/devices/system/cpu/cpu4/cpufreq/scaling_cur_freq:4099958
/sys/devices/system/cpu/cpu5/cpufreq/scaling_cur_freq:4100041
/sys/devices/system/cpu/cpu6/cpufreq/scaling_cur_freq:4100041
/sys/devices/system/cpu/cpu7/cpufreq/scaling_cur_freq:4099958
/sys/devices/system/cpu/cpu8/cpufreq/scaling_cur_freq:4100000
/sys/devices/system/cpu/cpu9/cpufreq/scaling_cur_freq:4100000
### 2026-05-26T17:17:55+08:00 sensors
iwlwifi_1-virtual-0
Adapter: Virtual device
temp1:        +41.0 C  

spd5118-i2c-5-52
Adapter: SMBus I801 adapter at 0000:00:1f.4
temp1:        +35.0 C  (low  =  +0.0 C, high = +55.0 C)
                       (crit low =  +0.0 C, crit = +85.0 C)

nvme-pci-0200
Adapter: PCI adapter
Composite:    +38.9 C  (low  = -273.1 C, high = +75.8 C)
                       (crit = +86.8 C)
Sensor 1:     +38.9 C  (low  = -273.1 C, high = +65261.8 C)
Sensor 2:     +36.9 C  (low  = -273.1 C, high = +65261.8 C)

coretemp-isa-0000
Adapter: ISA adapter
Package id 0:  +97.0 C  (high = +100.0 C, crit = +100.0 C)
Core 0:        +77.0 C  (high = +100.0 C, crit = +100.0 C)
Core 4:        +90.0 C  (high = +100.0 C, crit = +100.0 C)
Core 8:        +78.0 C  (high = +100.0 C, crit = +100.0 C)
Core 12:       +95.0 C  (high = +100.0 C, crit = +100.0 C)
Core 16:       +81.0 C  (high = +100.0 C, crit = +100.0 C)
Core 20:       +96.0 C  (high = +100.0 C, crit = +100.0 C)
Core 24:       +80.0 C  (high = +100.0 C, crit = +100.0 C)
Core 28:       +93.0 C  (high = +100.0 C, crit = +100.0 C)
Core 32:       +79.0 C  (high = +100.0 C, crit = +100.0 C)
Core 33:       +79.0 C  (high = +100.0 C, crit = +100.0 C)
Core 34:       +79.0 C  (high = +100.0 C, crit = +100.0 C)
Core 35:       +79.0 C  (high = +100.0 C, crit = +100.0 C)
Core 36:       +92.0 C  (high = +100.0 C, crit = +100.0 C)
Core 37:       +92.0 C  (high = +100.0 C, crit = +100.0 C)
Core 38:       +92.0 C  (high = +100.0 C, crit = +100.0 C)
Core 39:       +92.0 C  (high = +100.0 C, crit = +100.0 C)
Core 40:       +78.0 C  (high = +100.0 C, crit = +100.0 C)
Core 41:       +78.0 C  (high = +100.0 C, crit = +100.0 C)
Core 42:       +78.0 C  (high = +100.0 C, crit = +100.0 C)
Core 43:       +78.0 C  (high = +100.0 C, crit = +100.0 C)
Core 44:       +85.0 C  (high = +100.0 C, crit = +100.0 C)
Core 45:       +85.0 C  (high = +100.0 C, crit = +100.0 C)
Core 46:       +85.0 C  (high = +100.0 C, crit = +100.0 C)
Core 47:       +85.0 C  (high = +100.0 C, crit = +100.0 C)

spd5118-i2c-5-50
Adapter: SMBus I801 adapter at 0000:00:1f.4
temp1:        +36.8 C  (low  =  +0.0 C, high = +55.0 C)
                       (crit low =  +0.0 C, crit = +85.0 C)

BAT0-acpi-0
Adapter: ACPI interface
in0:          16.38 V  
power1:        0.00 W  

### 2026-05-26T17:17:55+08:00 nvidia
2026/05/26 17:17:55.745, NVIDIA GeForce RTX 4060 Laptop GPU, GPU-5011cbcd-7033-6444-66e7-e485ade01645, P0, 49, 19.25, [N/A], 1890, 8001, 10, 4, 694
### 2026-05-26T17:17:55+08:00 cpu_frequency
/sys/devices/system/cpu/cpu0/cpufreq/scaling_cur_freq:4100000
/sys/devices/system/cpu/cpu1/cpufreq/scaling_cur_freq:4100000
/sys/devices/system/cpu/cpu10/cpufreq/scaling_cur_freq:3926855
/sys/devices/system/cpu/cpu11/cpufreq/scaling_cur_freq:3926861
/sys/devices/system/cpu/cpu12/cpufreq/scaling_cur_freq:4069205
/sys/devices/system/cpu/cpu13/cpufreq/scaling_cur_freq:4069267
/sys/devices/system/cpu/cpu14/cpufreq/scaling_cur_freq:4069206
/sys/devices/system/cpu/cpu15/cpufreq/scaling_cur_freq:4069248
/sys/devices/system/cpu/cpu16/cpufreq/scaling_cur_freq:3368037
/sys/devices/system/cpu/cpu17/cpufreq/scaling_cur_freq:3367898
/sys/devices/system/cpu/cpu18/cpufreq/scaling_cur_freq:3367944
/sys/devices/system/cpu/cpu19/cpufreq/scaling_cur_freq:3367918
/sys/devices/system/cpu/cpu2/cpufreq/scaling_cur_freq:4069199
/sys/devices/system/cpu/cpu20/cpufreq/scaling_cur_freq:3399101
/sys/devices/system/cpu/cpu21/cpufreq/scaling_cur_freq:3399105
/sys/devices/system/cpu/cpu22/cpufreq/scaling_cur_freq:3399085
/sys/devices/system/cpu/cpu23/cpufreq/scaling_cur_freq:3399186
/sys/devices/system/cpu/cpu24/cpufreq/scaling_cur_freq:3367995
/sys/devices/system/cpu/cpu25/cpufreq/scaling_cur_freq:3367957
/sys/devices/system/cpu/cpu26/cpufreq/scaling_cur_freq:3367985
/sys/devices/system/cpu/cpu27/cpufreq/scaling_cur_freq:3367915
/sys/devices/system/cpu/cpu28/cpufreq/scaling_cur_freq:3367930
/sys/devices/system/cpu/cpu29/cpufreq/scaling_cur_freq:3368053
/sys/devices/system/cpu/cpu3/cpufreq/scaling_cur_freq:4069246
/sys/devices/system/cpu/cpu30/cpufreq/scaling_cur_freq:3367928
/sys/devices/system/cpu/cpu31/cpufreq/scaling_cur_freq:3367950
/sys/devices/system/cpu/cpu4/cpufreq/scaling_cur_freq:4069189
/sys/devices/system/cpu/cpu5/cpufreq/scaling_cur_freq:4069189
/sys/devices/system/cpu/cpu6/cpufreq/scaling_cur_freq:4069199
/sys/devices/system/cpu/cpu7/cpufreq/scaling_cur_freq:4069293
/sys/devices/system/cpu/cpu8/cpufreq/scaling_cur_freq:4069253
/sys/devices/system/cpu/cpu9/cpufreq/scaling_cur_freq:4069199
### 2026-05-26T17:18:00+08:00 sensors
iwlwifi_1-virtual-0
Adapter: Virtual device
temp1:        +39.0 C  

spd5118-i2c-5-52
Adapter: SMBus I801 adapter at 0000:00:1f.4
temp1:        +35.2 C  (low  =  +0.0 C, high = +55.0 C)
                       (crit low =  +0.0 C, crit = +85.0 C)

nvme-pci-0200
Adapter: PCI adapter
Composite:    +38.9 C  (low  = -273.1 C, high = +75.8 C)
                       (crit = +86.8 C)
Sensor 1:     +38.9 C  (low  = -273.1 C, high = +65261.8 C)
Sensor 2:     +36.9 C  (low  = -273.1 C, high = +65261.8 C)

coretemp-isa-0000
Adapter: ISA adapter
Package id 0:  +85.0 C  (high = +100.0 C, crit = +100.0 C)
Core 0:        +70.0 C  (high = +100.0 C, crit = +100.0 C)
Core 4:        +80.0 C  (high = +100.0 C, crit = +100.0 C)
Core 8:        +71.0 C  (high = +100.0 C, crit = +100.0 C)
Core 12:       +83.0 C  (high = +100.0 C, crit = +100.0 C)
Core 16:       +73.0 C  (high = +100.0 C, crit = +100.0 C)
Core 20:       +85.0 C  (high = +100.0 C, crit = +100.0 C)
Core 24:       +73.0 C  (high = +100.0 C, crit = +100.0 C)
Core 28:       +81.0 C  (high = +100.0 C, crit = +100.0 C)
Core 32:       +73.0 C  (high = +100.0 C, crit = +100.0 C)
Core 33:       +73.0 C  (high = +100.0 C, crit = +100.0 C)
Core 34:       +73.0 C  (high = +100.0 C, crit = +100.0 C)
Core 35:       +73.0 C  (high = +100.0 C, crit = +100.0 C)
Core 36:       +80.0 C  (high = +100.0 C, crit = +100.0 C)
Core 37:       +80.0 C  (high = +100.0 C, crit = +100.0 C)
Core 38:       +80.0 C  (high = +100.0 C, crit = +100.0 C)
Core 39:       +80.0 C  (high = +100.0 C, crit = +100.0 C)
Core 40:       +72.0 C  (high = +100.0 C, crit = +100.0 C)
Core 41:       +72.0 C  (high = +100.0 C, crit = +100.0 C)
Core 42:       +72.0 C  (high = +100.0 C, crit = +100.0 C)
Core 43:       +72.0 C  (high = +100.0 C, crit = +100.0 C)
Core 44:       +79.0 C  (high = +100.0 C, crit = +100.0 C)
Core 45:       +79.0 C  (high = +100.0 C, crit = +100.0 C)
Core 46:       +79.0 C  (high = +100.0 C, crit = +100.0 C)
Core 47:       +79.0 C  (high = +100.0 C, crit = +100.0 C)

spd5118-i2c-5-50
Adapter: SMBus I801 adapter at 0000:00:1f.4
temp1:        +37.0 C  (low  =  +0.0 C, high = +55.0 C)
                       (crit low =  +0.0 C, crit = +85.0 C)

BAT0-acpi-0
Adapter: ACPI interface
in0:          16.38 V  
power1:        0.00 W  

### 2026-05-26T17:18:00+08:00 nvidia
2026/05/26 17:18:00.883, NVIDIA GeForce RTX 4060 Laptop GPU, GPU-5011cbcd-7033-6444-66e7-e485ade01645, P5, 48, 7.79, [N/A], 495, 810, 37, 29, 694
### 2026-05-26T17:18:00+08:00 cpu_frequency
/sys/devices/system/cpu/cpu0/cpufreq/scaling_cur_freq:3600000
/sys/devices/system/cpu/cpu1/cpufreq/scaling_cur_freq:3600000
/sys/devices/system/cpu/cpu10/cpufreq/scaling_cur_freq:3600000
/sys/devices/system/cpu/cpu11/cpufreq/scaling_cur_freq:3600036
/sys/devices/system/cpu/cpu12/cpufreq/scaling_cur_freq:3600000
/sys/devices/system/cpu/cpu13/cpufreq/scaling_cur_freq:3600000
/sys/devices/system/cpu/cpu14/cpufreq/scaling_cur_freq:3599963
/sys/devices/system/cpu/cpu15/cpufreq/scaling_cur_freq:3600000
/sys/devices/system/cpu/cpu16/cpufreq/scaling_cur_freq:3000038
/sys/devices/system/cpu/cpu17/cpufreq/scaling_cur_freq:2999942
/sys/devices/system/cpu/cpu18/cpufreq/scaling_cur_freq:3000055
/sys/devices/system/cpu/cpu19/cpufreq/scaling_cur_freq:2999936
/sys/devices/system/cpu/cpu2/cpufreq/scaling_cur_freq:3600000
/sys/devices/system/cpu/cpu20/cpufreq/scaling_cur_freq:3000040
/sys/devices/system/cpu/cpu21/cpufreq/scaling_cur_freq:2999966
/sys/devices/system/cpu/cpu22/cpufreq/scaling_cur_freq:3000096
/sys/devices/system/cpu/cpu23/cpufreq/scaling_cur_freq:2999974
/sys/devices/system/cpu/cpu24/cpufreq/scaling_cur_freq:3000029
/sys/devices/system/cpu/cpu25/cpufreq/scaling_cur_freq:2999908
/sys/devices/system/cpu/cpu26/cpufreq/scaling_cur_freq:2999904
/sys/devices/system/cpu/cpu27/cpufreq/scaling_cur_freq:3000032
/sys/devices/system/cpu/cpu28/cpufreq/scaling_cur_freq:2999892
/sys/devices/system/cpu/cpu29/cpufreq/scaling_cur_freq:2999977
/sys/devices/system/cpu/cpu3/cpufreq/scaling_cur_freq:3600036
/sys/devices/system/cpu/cpu30/cpufreq/scaling_cur_freq:2999996
/sys/devices/system/cpu/cpu31/cpufreq/scaling_cur_freq:2999955
/sys/devices/system/cpu/cpu4/cpufreq/scaling_cur_freq:3600000
/sys/devices/system/cpu/cpu5/cpufreq/scaling_cur_freq:3600000
/sys/devices/system/cpu/cpu6/cpufreq/scaling_cur_freq:3600000
/sys/devices/system/cpu/cpu7/cpufreq/scaling_cur_freq:3600000
/sys/devices/system/cpu/cpu8/cpufreq/scaling_cur_freq:3600000
/sys/devices/system/cpu/cpu9/cpufreq/scaling_cur_freq:3600000
### 2026-05-26T17:18:05+08:00 sensors
iwlwifi_1-virtual-0
Adapter: Virtual device
temp1:        +40.0 C  

spd5118-i2c-5-52
Adapter: SMBus I801 adapter at 0000:00:1f.4
temp1:        +35.5 C  (low  =  +0.0 C, high = +55.0 C)
                       (crit low =  +0.0 C, crit = +85.0 C)

nvme-pci-0200
Adapter: PCI adapter
Composite:    +38.9 C  (low  = -273.1 C, high = +75.8 C)
                       (crit = +86.8 C)
Sensor 1:     +38.9 C  (low  = -273.1 C, high = +65261.8 C)
Sensor 2:     +36.9 C  (low  = -273.1 C, high = +65261.8 C)

coretemp-isa-0000
Adapter: ISA adapter
Package id 0:  +83.0 C  (high = +100.0 C, crit = +100.0 C)
Core 0:        +68.0 C  (high = +100.0 C, crit = +100.0 C)
Core 4:        +78.0 C  (high = +100.0 C, crit = +100.0 C)
Core 8:        +69.0 C  (high = +100.0 C, crit = +100.0 C)
Core 12:       +81.0 C  (high = +100.0 C, crit = +100.0 C)
Core 16:       +72.0 C  (high = +100.0 C, crit = +100.0 C)
Core 20:       +85.0 C  (high = +100.0 C, crit = +100.0 C)
Core 24:       +73.0 C  (high = +100.0 C, crit = +100.0 C)
Core 28:       +80.0 C  (high = +100.0 C, crit = +100.0 C)
Core 32:       +70.0 C  (high = +100.0 C, crit = +100.0 C)
Core 33:       +70.0 C  (high = +100.0 C, crit = +100.0 C)
Core 34:       +70.0 C  (high = +100.0 C, crit = +100.0 C)
Core 35:       +70.0 C  (high = +100.0 C, crit = +100.0 C)
Core 36:       +80.0 C  (high = +100.0 C, crit = +100.0 C)
Core 37:       +80.0 C  (high = +100.0 C, crit = +100.0 C)
Core 38:       +80.0 C  (high = +100.0 C, crit = +100.0 C)
Core 39:       +80.0 C  (high = +100.0 C, crit = +100.0 C)
Core 40:       +72.0 C  (high = +100.0 C, crit = +100.0 C)
Core 41:       +72.0 C  (high = +100.0 C, crit = +100.0 C)
Core 42:       +72.0 C  (high = +100.0 C, crit = +100.0 C)
Core 43:       +72.0 C  (high = +100.0 C, crit = +100.0 C)
Core 44:       +77.0 C  (high = +100.0 C, crit = +100.0 C)
Core 45:       +77.0 C  (high = +100.0 C, crit = +100.0 C)
Core 46:       +77.0 C  (high = +100.0 C, crit = +100.0 C)
Core 47:       +77.0 C  (high = +100.0 C, crit = +100.0 C)

spd5118-i2c-5-50
Adapter: SMBus I801 adapter at 0000:00:1f.4
temp1:        +37.2 C  (low  =  +0.0 C, high = +55.0 C)
                       (crit low =  +0.0 C, crit = +85.0 C)

BAT0-acpi-0
Adapter: ACPI interface
in0:          16.38 V  
power1:        0.00 W  

### 2026-05-26T17:18:05+08:00 nvidia
2026/05/26 17:18:06.011, NVIDIA GeForce RTX 4060 Laptop GPU, GPU-5011cbcd-7033-6444-66e7-e485ade01645, P5, 48, 7.93, [N/A], 675, 810, 42, 36, 694
### 2026-05-26T17:18:06+08:00 cpu_frequency
/sys/devices/system/cpu/cpu0/cpufreq/scaling_cur_freq:3600000
/sys/devices/system/cpu/cpu1/cpufreq/scaling_cur_freq:3600000
/sys/devices/system/cpu/cpu10/cpufreq/scaling_cur_freq:3600000
/sys/devices/system/cpu/cpu11/cpufreq/scaling_cur_freq:3599963
/sys/devices/system/cpu/cpu12/cpufreq/scaling_cur_freq:3600000
/sys/devices/system/cpu/cpu13/cpufreq/scaling_cur_freq:3600000
/sys/devices/system/cpu/cpu14/cpufreq/scaling_cur_freq:3499901
/sys/devices/system/cpu/cpu15/cpufreq/scaling_cur_freq:3499931
/sys/devices/system/cpu/cpu16/cpufreq/scaling_cur_freq:2999969
/sys/devices/system/cpu/cpu17/cpufreq/scaling_cur_freq:2999985
/sys/devices/system/cpu/cpu18/cpufreq/scaling_cur_freq:3000011
/sys/devices/system/cpu/cpu19/cpufreq/scaling_cur_freq:2999934
/sys/devices/system/cpu/cpu2/cpufreq/scaling_cur_freq:3599963
/sys/devices/system/cpu/cpu20/cpufreq/scaling_cur_freq:3000027
/sys/devices/system/cpu/cpu21/cpufreq/scaling_cur_freq:3000024
/sys/devices/system/cpu/cpu22/cpufreq/scaling_cur_freq:3000074
/sys/devices/system/cpu/cpu23/cpufreq/scaling_cur_freq:2999927
/sys/devices/system/cpu/cpu24/cpufreq/scaling_cur_freq:3000022
/sys/devices/system/cpu/cpu25/cpufreq/scaling_cur_freq:3000018
/sys/devices/system/cpu/cpu26/cpufreq/scaling_cur_freq:3000098
/sys/devices/system/cpu/cpu27/cpufreq/scaling_cur_freq:2999972
/sys/devices/system/cpu/cpu28/cpufreq/scaling_cur_freq:2999926
/sys/devices/system/cpu/cpu29/cpufreq/scaling_cur_freq:2999916
/sys/devices/system/cpu/cpu3/cpufreq/scaling_cur_freq:3600036
/sys/devices/system/cpu/cpu30/cpufreq/scaling_cur_freq:2999968
/sys/devices/system/cpu/cpu31/cpufreq/scaling_cur_freq:2999902
/sys/devices/system/cpu/cpu4/cpufreq/scaling_cur_freq:3600000
/sys/devices/system/cpu/cpu5/cpufreq/scaling_cur_freq:3599963
/sys/devices/system/cpu/cpu6/cpufreq/scaling_cur_freq:3600000
/sys/devices/system/cpu/cpu7/cpufreq/scaling_cur_freq:3600000
/sys/devices/system/cpu/cpu8/cpufreq/scaling_cur_freq:3599963
/sys/devices/system/cpu/cpu9/cpufreq/scaling_cur_freq:3600036
### 2026-05-26T17:18:11+08:00 sensors
iwlwifi_1-virtual-0
Adapter: Virtual device
temp1:        +39.0 C  

spd5118-i2c-5-52
Adapter: SMBus I801 adapter at 0000:00:1f.4
temp1:        +35.5 C  (low  =  +0.0 C, high = +55.0 C)
                       (crit low =  +0.0 C, crit = +85.0 C)

nvme-pci-0200
Adapter: PCI adapter
Composite:    +38.9 C  (low  = -273.1 C, high = +75.8 C)
                       (crit = +86.8 C)
Sensor 1:     +38.9 C  (low  = -273.1 C, high = +65261.8 C)
Sensor 2:     +37.9 C  (low  = -273.1 C, high = +65261.8 C)

coretemp-isa-0000
Adapter: ISA adapter
Package id 0:  +83.0 C  (high = +100.0 C, crit = +100.0 C)
Core 0:        +70.0 C  (high = +100.0 C, crit = +100.0 C)
Core 4:        +77.0 C  (high = +100.0 C, crit = +100.0 C)
Core 8:        +69.0 C  (high = +100.0 C, crit = +100.0 C)
Core 12:       +81.0 C  (high = +100.0 C, crit = +100.0 C)
Core 16:       +73.0 C  (high = +100.0 C, crit = +100.0 C)
Core 20:       +83.0 C  (high = +100.0 C, crit = +100.0 C)
Core 24:       +71.0 C  (high = +100.0 C, crit = +100.0 C)
Core 28:       +80.0 C  (high = +100.0 C, crit = +100.0 C)
Core 32:       +70.0 C  (high = +100.0 C, crit = +100.0 C)
Core 33:       +70.0 C  (high = +100.0 C, crit = +100.0 C)
Core 34:       +70.0 C  (high = +100.0 C, crit = +100.0 C)
Core 35:       +70.0 C  (high = +100.0 C, crit = +100.0 C)
Core 36:       +80.0 C  (high = +100.0 C, crit = +100.0 C)
Core 37:       +80.0 C  (high = +100.0 C, crit = +100.0 C)
Core 38:       +80.0 C  (high = +100.0 C, crit = +100.0 C)
Core 39:       +80.0 C  (high = +100.0 C, crit = +100.0 C)
Core 40:       +72.0 C  (high = +100.0 C, crit = +100.0 C)
Core 41:       +72.0 C  (high = +100.0 C, crit = +100.0 C)
Core 42:       +72.0 C  (high = +100.0 C, crit = +100.0 C)
Core 43:       +71.0 C  (high = +100.0 C, crit = +100.0 C)
Core 44:       +77.0 C  (high = +100.0 C, crit = +100.0 C)
Core 45:       +77.0 C  (high = +100.0 C, crit = +100.0 C)
Core 46:       +77.0 C  (high = +100.0 C, crit = +100.0 C)
Core 47:       +77.0 C  (high = +100.0 C, crit = +100.0 C)

spd5118-i2c-5-50
Adapter: SMBus I801 adapter at 0000:00:1f.4
temp1:        +37.5 C  (low  =  +0.0 C, high = +55.0 C)
                       (crit low =  +0.0 C, crit = +85.0 C)

BAT0-acpi-0
Adapter: ACPI interface
in0:          16.38 V  
power1:        0.00 W  

### 2026-05-26T17:18:11+08:00 nvidia
2026/05/26 17:18:11.212, NVIDIA GeForce RTX 4060 Laptop GPU, GPU-5011cbcd-7033-6444-66e7-e485ade01645, P5, 47, 8.03, [N/A], 690, 810, 37, 34, 694
### 2026-05-26T17:18:11+08:00 cpu_frequency
/sys/devices/system/cpu/cpu0/cpufreq/scaling_cur_freq:3700000
/sys/devices/system/cpu/cpu1/cpufreq/scaling_cur_freq:3700037
/sys/devices/system/cpu/cpu10/cpufreq/scaling_cur_freq:3700000
/sys/devices/system/cpu/cpu11/cpufreq/scaling_cur_freq:3700000
/sys/devices/system/cpu/cpu12/cpufreq/scaling_cur_freq:3671472
/sys/devices/system/cpu/cpu13/cpufreq/scaling_cur_freq:3670667
/sys/devices/system/cpu/cpu14/cpufreq/scaling_cur_freq:3700000
/sys/devices/system/cpu/cpu15/cpufreq/scaling_cur_freq:3699962
/sys/devices/system/cpu/cpu16/cpufreq/scaling_cur_freq:3099987
/sys/devices/system/cpu/cpu17/cpufreq/scaling_cur_freq:3100002
/sys/devices/system/cpu/cpu18/cpufreq/scaling_cur_freq:3100094
/sys/devices/system/cpu/cpu19/cpufreq/scaling_cur_freq:3099971
/sys/devices/system/cpu/cpu2/cpufreq/scaling_cur_freq:3700000
/sys/devices/system/cpu/cpu20/cpufreq/scaling_cur_freq:3099990
/sys/devices/system/cpu/cpu21/cpufreq/scaling_cur_freq:3099954
/sys/devices/system/cpu/cpu22/cpufreq/scaling_cur_freq:3100046
/sys/devices/system/cpu/cpu23/cpufreq/scaling_cur_freq:3100091
/sys/devices/system/cpu/cpu24/cpufreq/scaling_cur_freq:3100013
/sys/devices/system/cpu/cpu25/cpufreq/scaling_cur_freq:3100004
/sys/devices/system/cpu/cpu26/cpufreq/scaling_cur_freq:3099987
/sys/devices/system/cpu/cpu27/cpufreq/scaling_cur_freq:3100087
/sys/devices/system/cpu/cpu28/cpufreq/scaling_cur_freq:3100111
/sys/devices/system/cpu/cpu29/cpufreq/scaling_cur_freq:3100022
/sys/devices/system/cpu/cpu3/cpufreq/scaling_cur_freq:3700000
/sys/devices/system/cpu/cpu30/cpufreq/scaling_cur_freq:3100044
/sys/devices/system/cpu/cpu31/cpufreq/scaling_cur_freq:3100020
/sys/devices/system/cpu/cpu4/cpufreq/scaling_cur_freq:3699962
/sys/devices/system/cpu/cpu5/cpufreq/scaling_cur_freq:3700000
/sys/devices/system/cpu/cpu6/cpufreq/scaling_cur_freq:3700000
/sys/devices/system/cpu/cpu7/cpufreq/scaling_cur_freq:3700000
/sys/devices/system/cpu/cpu8/cpufreq/scaling_cur_freq:3555026
/sys/devices/system/cpu/cpu9/cpufreq/scaling_cur_freq:3554994
### 2026-05-26T17:18:16+08:00 sensors
iwlwifi_1-virtual-0
Adapter: Virtual device
temp1:        +41.0 C  

spd5118-i2c-5-52
Adapter: SMBus I801 adapter at 0000:00:1f.4
temp1:        +35.8 C  (low  =  +0.0 C, high = +55.0 C)
                       (crit low =  +0.0 C, crit = +85.0 C)

nvme-pci-0200
Adapter: PCI adapter
Composite:    +38.9 C  (low  = -273.1 C, high = +75.8 C)
                       (crit = +86.8 C)
Sensor 1:     +38.9 C  (low  = -273.1 C, high = +65261.8 C)
Sensor 2:     +37.9 C  (low  = -273.1 C, high = +65261.8 C)

coretemp-isa-0000
Adapter: ISA adapter
Package id 0:  +83.0 C  (high = +100.0 C, crit = +100.0 C)
Core 0:        +68.0 C  (high = +100.0 C, crit = +100.0 C)
Core 4:        +78.0 C  (high = +100.0 C, crit = +100.0 C)
Core 8:        +69.0 C  (high = +100.0 C, crit = +100.0 C)
Core 12:       +80.0 C  (high = +100.0 C, crit = +100.0 C)
Core 16:       +72.0 C  (high = +100.0 C, crit = +100.0 C)
Core 20:       +83.0 C  (high = +100.0 C, crit = +100.0 C)
Core 24:       +70.0 C  (high = +100.0 C, crit = +100.0 C)
Core 28:       +80.0 C  (high = +100.0 C, crit = +100.0 C)
Core 32:       +69.0 C  (high = +100.0 C, crit = +100.0 C)
Core 33:       +69.0 C  (high = +100.0 C, crit = +100.0 C)
Core 34:       +69.0 C  (high = +100.0 C, crit = +100.0 C)
Core 35:       +69.0 C  (high = +100.0 C, crit = +100.0 C)
Core 36:       +80.0 C  (high = +100.0 C, crit = +100.0 C)
Core 37:       +80.0 C  (high = +100.0 C, crit = +100.0 C)
Core 38:       +80.0 C  (high = +100.0 C, crit = +100.0 C)
Core 39:       +78.0 C  (high = +100.0 C, crit = +100.0 C)
Core 40:       +71.0 C  (high = +100.0 C, crit = +100.0 C)
Core 41:       +71.0 C  (high = +100.0 C, crit = +100.0 C)
Core 42:       +71.0 C  (high = +100.0 C, crit = +100.0 C)
Core 43:       +71.0 C  (high = +100.0 C, crit = +100.0 C)
Core 44:       +77.0 C  (high = +100.0 C, crit = +100.0 C)
Core 45:       +77.0 C  (high = +100.0 C, crit = +100.0 C)
Core 46:       +77.0 C  (high = +100.0 C, crit = +100.0 C)
Core 47:       +77.0 C  (high = +100.0 C, crit = +100.0 C)

spd5118-i2c-5-50
Adapter: SMBus I801 adapter at 0000:00:1f.4
temp1:        +37.8 C  (low  =  +0.0 C, high = +55.0 C)
                       (crit low =  +0.0 C, crit = +85.0 C)

BAT0-acpi-0
Adapter: ACPI interface
in0:          16.38 V  
power1:        0.00 W  

### 2026-05-26T17:18:16+08:00 nvidia
2026/05/26 17:18:16.405, NVIDIA GeForce RTX 4060 Laptop GPU, GPU-5011cbcd-7033-6444-66e7-e485ade01645, P5, 47, 6.65, [N/A], 210, 810, 29, 15, 694
### 2026-05-26T17:18:16+08:00 cpu_frequency
/sys/devices/system/cpu/cpu0/cpufreq/scaling_cur_freq:3700000
/sys/devices/system/cpu/cpu1/cpufreq/scaling_cur_freq:3699962
/sys/devices/system/cpu/cpu10/cpufreq/scaling_cur_freq:3666612
/sys/devices/system/cpu/cpu11/cpufreq/scaling_cur_freq:3666375
/sys/devices/system/cpu/cpu12/cpufreq/scaling_cur_freq:3700037
/sys/devices/system/cpu/cpu13/cpufreq/scaling_cur_freq:3700037
/sys/devices/system/cpu/cpu14/cpufreq/scaling_cur_freq:3604604
/sys/devices/system/cpu/cpu15/cpufreq/scaling_cur_freq:3604530
/sys/devices/system/cpu/cpu16/cpufreq/scaling_cur_freq:3100078
/sys/devices/system/cpu/cpu17/cpufreq/scaling_cur_freq:3100001
/sys/devices/system/cpu/cpu18/cpufreq/scaling_cur_freq:3100023
/sys/devices/system/cpu/cpu19/cpufreq/scaling_cur_freq:3100011
/sys/devices/system/cpu/cpu2/cpufreq/scaling_cur_freq:3700000
/sys/devices/system/cpu/cpu20/cpufreq/scaling_cur_freq:3100044
/sys/devices/system/cpu/cpu21/cpufreq/scaling_cur_freq:3100038
/sys/devices/system/cpu/cpu22/cpufreq/scaling_cur_freq:3099952
/sys/devices/system/cpu/cpu23/cpufreq/scaling_cur_freq:3100045
/sys/devices/system/cpu/cpu24/cpufreq/scaling_cur_freq:3100078
/sys/devices/system/cpu/cpu25/cpufreq/scaling_cur_freq:3099990
/sys/devices/system/cpu/cpu26/cpufreq/scaling_cur_freq:3100013
/sys/devices/system/cpu/cpu27/cpufreq/scaling_cur_freq:3099997
/sys/devices/system/cpu/cpu28/cpufreq/scaling_cur_freq:3100060
/sys/devices/system/cpu/cpu29/cpufreq/scaling_cur_freq:3100100
/sys/devices/system/cpu/cpu3/cpufreq/scaling_cur_freq:3699962
/sys/devices/system/cpu/cpu30/cpufreq/scaling_cur_freq:3100023
/sys/devices/system/cpu/cpu31/cpufreq/scaling_cur_freq:3100085
/sys/devices/system/cpu/cpu4/cpufreq/scaling_cur_freq:3700037
/sys/devices/system/cpu/cpu5/cpufreq/scaling_cur_freq:3699962
/sys/devices/system/cpu/cpu6/cpufreq/scaling_cur_freq:3700000
/sys/devices/system/cpu/cpu7/cpufreq/scaling_cur_freq:3700000
/sys/devices/system/cpu/cpu8/cpufreq/scaling_cur_freq:3700037
/sys/devices/system/cpu/cpu9/cpufreq/scaling_cur_freq:3700037
### 2026-05-26T17:18:21+08:00 sensors
iwlwifi_1-virtual-0
Adapter: Virtual device
temp1:        +40.0 C  

spd5118-i2c-5-52
Adapter: SMBus I801 adapter at 0000:00:1f.4
temp1:        +35.8 C  (low  =  +0.0 C, high = +55.0 C)
                       (crit low =  +0.0 C, crit = +85.0 C)

nvme-pci-0200
Adapter: PCI adapter
Composite:    +39.9 C  (low  = -273.1 C, high = +75.8 C)
                       (crit = +86.8 C)
Sensor 1:     +39.9 C  (low  = -273.1 C, high = +65261.8 C)
Sensor 2:     +37.9 C  (low  = -273.1 C, high = +65261.8 C)

coretemp-isa-0000
Adapter: ISA adapter
Package id 0:  +80.0 C  (high = +100.0 C, crit = +100.0 C)
Core 0:        +70.0 C  (high = +100.0 C, crit = +100.0 C)
Core 4:        +77.0 C  (high = +100.0 C, crit = +100.0 C)
Core 8:        +69.0 C  (high = +100.0 C, crit = +100.0 C)
Core 12:       +80.0 C  (high = +100.0 C, crit = +100.0 C)
Core 16:       +70.0 C  (high = +100.0 C, crit = +100.0 C)
Core 20:       +82.0 C  (high = +100.0 C, crit = +100.0 C)
Core 24:       +70.0 C  (high = +100.0 C, crit = +100.0 C)
Core 28:       +80.0 C  (high = +100.0 C, crit = +100.0 C)
Core 32:       +70.0 C  (high = +100.0 C, crit = +100.0 C)
Core 33:       +70.0 C  (high = +100.0 C, crit = +100.0 C)
Core 34:       +70.0 C  (high = +100.0 C, crit = +100.0 C)
Core 35:       +70.0 C  (high = +100.0 C, crit = +100.0 C)
Core 36:       +78.0 C  (high = +100.0 C, crit = +100.0 C)
Core 37:       +78.0 C  (high = +100.0 C, crit = +100.0 C)
Core 38:       +78.0 C  (high = +100.0 C, crit = +100.0 C)
Core 39:       +78.0 C  (high = +100.0 C, crit = +100.0 C)
Core 40:       +72.0 C  (high = +100.0 C, crit = +100.0 C)
Core 41:       +72.0 C  (high = +100.0 C, crit = +100.0 C)
Core 42:       +72.0 C  (high = +100.0 C, crit = +100.0 C)
Core 43:       +72.0 C  (high = +100.0 C, crit = +100.0 C)
Core 44:       +77.0 C  (high = +100.0 C, crit = +100.0 C)
Core 45:       +77.0 C  (high = +100.0 C, crit = +100.0 C)
Core 46:       +77.0 C  (high = +100.0 C, crit = +100.0 C)
Core 47:       +77.0 C  (high = +100.0 C, crit = +100.0 C)

spd5118-i2c-5-50
Adapter: SMBus I801 adapter at 0000:00:1f.4
temp1:        +38.2 C  (low  =  +0.0 C, high = +55.0 C)
                       (crit low =  +0.0 C, crit = +85.0 C)

BAT0-acpi-0
Adapter: ACPI interface
in0:          16.38 V  
power1:        0.00 W  

### 2026-05-26T17:18:21+08:00 nvidia
2026/05/26 17:18:21.480, NVIDIA GeForce RTX 4060 Laptop GPU, GPU-5011cbcd-7033-6444-66e7-e485ade01645, P8, 47, 4.12, [N/A], 210, 405, 26, 20, 694
### 2026-05-26T17:18:21+08:00 cpu_frequency
/sys/devices/system/cpu/cpu0/cpufreq/scaling_cur_freq:3700037
/sys/devices/system/cpu/cpu1/cpufreq/scaling_cur_freq:3700037
/sys/devices/system/cpu/cpu10/cpufreq/scaling_cur_freq:3699962
/sys/devices/system/cpu/cpu11/cpufreq/scaling_cur_freq:3700000
/sys/devices/system/cpu/cpu12/cpufreq/scaling_cur_freq:3700000
/sys/devices/system/cpu/cpu13/cpufreq/scaling_cur_freq:3700000
/sys/devices/system/cpu/cpu14/cpufreq/scaling_cur_freq:3700037
/sys/devices/system/cpu/cpu15/cpufreq/scaling_cur_freq:3699962
/sys/devices/system/cpu/cpu16/cpufreq/scaling_cur_freq:3099953
/sys/devices/system/cpu/cpu17/cpufreq/scaling_cur_freq:3100044
/sys/devices/system/cpu/cpu18/cpufreq/scaling_cur_freq:3100081
/sys/devices/system/cpu/cpu19/cpufreq/scaling_cur_freq:3100105
/sys/devices/system/cpu/cpu2/cpufreq/scaling_cur_freq:3699962
/sys/devices/system/cpu/cpu20/cpufreq/scaling_cur_freq:3099940
/sys/devices/system/cpu/cpu21/cpufreq/scaling_cur_freq:3100069
/sys/devices/system/cpu/cpu22/cpufreq/scaling_cur_freq:3099958
/sys/devices/system/cpu/cpu23/cpufreq/scaling_cur_freq:3100029
/sys/devices/system/cpu/cpu24/cpufreq/scaling_cur_freq:3099943
/sys/devices/system/cpu/cpu25/cpufreq/scaling_cur_freq:3099946
/sys/devices/system/cpu/cpu26/cpufreq/scaling_cur_freq:3100044
/sys/devices/system/cpu/cpu27/cpufreq/scaling_cur_freq:3099991
/sys/devices/system/cpu/cpu28/cpufreq/scaling_cur_freq:3100107
/sys/devices/system/cpu/cpu29/cpufreq/scaling_cur_freq:3099976
/sys/devices/system/cpu/cpu3/cpufreq/scaling_cur_freq:3699962
/sys/devices/system/cpu/cpu30/cpufreq/scaling_cur_freq:3099960
/sys/devices/system/cpu/cpu31/cpufreq/scaling_cur_freq:3100054
/sys/devices/system/cpu/cpu4/cpufreq/scaling_cur_freq:3700000
/sys/devices/system/cpu/cpu5/cpufreq/scaling_cur_freq:3700037
/sys/devices/system/cpu/cpu6/cpufreq/scaling_cur_freq:3700000
/sys/devices/system/cpu/cpu7/cpufreq/scaling_cur_freq:3699962
/sys/devices/system/cpu/cpu8/cpufreq/scaling_cur_freq:3700037
/sys/devices/system/cpu/cpu9/cpufreq/scaling_cur_freq:3700000
### 2026-05-26T17:18:26+08:00 sensors
iwlwifi_1-virtual-0
Adapter: Virtual device
temp1:        +41.0 C  

spd5118-i2c-5-52
Adapter: SMBus I801 adapter at 0000:00:1f.4
temp1:        +36.0 C  (low  =  +0.0 C, high = +55.0 C)
                       (crit low =  +0.0 C, crit = +85.0 C)

nvme-pci-0200
Adapter: PCI adapter
Composite:    +39.9 C  (low  = -273.1 C, high = +75.8 C)
                       (crit = +86.8 C)
Sensor 1:     +39.9 C  (low  = -273.1 C, high = +65261.8 C)
Sensor 2:     +36.9 C  (low  = -273.1 C, high = +65261.8 C)

coretemp-isa-0000
Adapter: ISA adapter
Package id 0:  +83.0 C  (high = +100.0 C, crit = +100.0 C)
Core 0:        +70.0 C  (high = +100.0 C, crit = +100.0 C)
Core 4:        +78.0 C  (high = +100.0 C, crit = +100.0 C)
Core 8:        +69.0 C  (high = +100.0 C, crit = +100.0 C)
Core 12:       +83.0 C  (high = +100.0 C, crit = +100.0 C)
Core 16:       +73.0 C  (high = +100.0 C, crit = +100.0 C)
Core 20:       +85.0 C  (high = +100.0 C, crit = +100.0 C)
Core 24:       +71.0 C  (high = +100.0 C, crit = +100.0 C)
Core 28:       +80.0 C  (high = +100.0 C, crit = +100.0 C)
Core 32:       +72.0 C  (high = +100.0 C, crit = +100.0 C)
Core 33:       +71.0 C  (high = +100.0 C, crit = +100.0 C)
Core 34:       +70.0 C  (high = +100.0 C, crit = +100.0 C)
Core 35:       +70.0 C  (high = +100.0 C, crit = +100.0 C)
Core 36:       +80.0 C  (high = +100.0 C, crit = +100.0 C)
Core 37:       +80.0 C  (high = +100.0 C, crit = +100.0 C)
Core 38:       +80.0 C  (high = +100.0 C, crit = +100.0 C)
Core 39:       +80.0 C  (high = +100.0 C, crit = +100.0 C)
Core 40:       +72.0 C  (high = +100.0 C, crit = +100.0 C)
Core 41:       +72.0 C  (high = +100.0 C, crit = +100.0 C)
Core 42:       +72.0 C  (high = +100.0 C, crit = +100.0 C)
Core 43:       +72.0 C  (high = +100.0 C, crit = +100.0 C)
Core 44:       +77.0 C  (high = +100.0 C, crit = +100.0 C)
Core 45:       +77.0 C  (high = +100.0 C, crit = +100.0 C)
Core 46:       +77.0 C  (high = +100.0 C, crit = +100.0 C)
Core 47:       +77.0 C  (high = +100.0 C, crit = +100.0 C)

spd5118-i2c-5-50
Adapter: SMBus I801 adapter at 0000:00:1f.4
temp1:        +38.5 C  (low  =  +0.0 C, high = +55.0 C)
                       (crit low =  +0.0 C, crit = +85.0 C)

BAT0-acpi-0
Adapter: ACPI interface
in0:          16.38 V  
power1:        0.00 W  

### 2026-05-26T17:18:26+08:00 nvidia
2026/05/26 17:18:26.740, NVIDIA GeForce RTX 4060 Laptop GPU, GPU-5011cbcd-7033-6444-66e7-e485ade01645, P4, 48, 9.20, [N/A], 555, 6001, 20, 3, 694
### 2026-05-26T17:18:26+08:00 cpu_frequency
/sys/devices/system/cpu/cpu0/cpufreq/scaling_cur_freq:3700037
/sys/devices/system/cpu/cpu1/cpufreq/scaling_cur_freq:3700000
/sys/devices/system/cpu/cpu10/cpufreq/scaling_cur_freq:3700037
/sys/devices/system/cpu/cpu11/cpufreq/scaling_cur_freq:3700000
/sys/devices/system/cpu/cpu12/cpufreq/scaling_cur_freq:3700000
/sys/devices/system/cpu/cpu13/cpufreq/scaling_cur_freq:3699962
/sys/devices/system/cpu/cpu14/cpufreq/scaling_cur_freq:3700000
/sys/devices/system/cpu/cpu15/cpufreq/scaling_cur_freq:3700043
/sys/devices/system/cpu/cpu16/cpufreq/scaling_cur_freq:3100075
/sys/devices/system/cpu/cpu17/cpufreq/scaling_cur_freq:3099986
/sys/devices/system/cpu/cpu18/cpufreq/scaling_cur_freq:3099965
/sys/devices/system/cpu/cpu19/cpufreq/scaling_cur_freq:3100100
/sys/devices/system/cpu/cpu2/cpufreq/scaling_cur_freq:3700000
/sys/devices/system/cpu/cpu20/cpufreq/scaling_cur_freq:3099972
/sys/devices/system/cpu/cpu21/cpufreq/scaling_cur_freq:3099917
/sys/devices/system/cpu/cpu22/cpufreq/scaling_cur_freq:3099981
/sys/devices/system/cpu/cpu23/cpufreq/scaling_cur_freq:3100047
/sys/devices/system/cpu/cpu24/cpufreq/scaling_cur_freq:3100008
/sys/devices/system/cpu/cpu25/cpufreq/scaling_cur_freq:3100044
/sys/devices/system/cpu/cpu26/cpufreq/scaling_cur_freq:3100073
/sys/devices/system/cpu/cpu27/cpufreq/scaling_cur_freq:3100011
/sys/devices/system/cpu/cpu28/cpufreq/scaling_cur_freq:3100042
/sys/devices/system/cpu/cpu29/cpufreq/scaling_cur_freq:3099889
/sys/devices/system/cpu/cpu3/cpufreq/scaling_cur_freq:3700037
/sys/devices/system/cpu/cpu30/cpufreq/scaling_cur_freq:3100090
/sys/devices/system/cpu/cpu31/cpufreq/scaling_cur_freq:3099982
/sys/devices/system/cpu/cpu4/cpufreq/scaling_cur_freq:3700037
/sys/devices/system/cpu/cpu5/cpufreq/scaling_cur_freq:3700000
/sys/devices/system/cpu/cpu6/cpufreq/scaling_cur_freq:3700037
/sys/devices/system/cpu/cpu7/cpufreq/scaling_cur_freq:3699962
/sys/devices/system/cpu/cpu8/cpufreq/scaling_cur_freq:3631347
/sys/devices/system/cpu/cpu9/cpufreq/scaling_cur_freq:3631310
### 2026-05-26T17:18:31+08:00 sensors
iwlwifi_1-virtual-0
Adapter: Virtual device
temp1:        +42.0 C  

spd5118-i2c-5-52
Adapter: SMBus I801 adapter at 0000:00:1f.4
temp1:        +36.2 C  (low  =  +0.0 C, high = +55.0 C)
                       (crit low =  +0.0 C, crit = +85.0 C)

nvme-pci-0200
Adapter: PCI adapter
Composite:    +39.9 C  (low  = -273.1 C, high = +75.8 C)
                       (crit = +86.8 C)
Sensor 1:     +39.9 C  (low  = -273.1 C, high = +65261.8 C)
Sensor 2:     +37.9 C  (low  = -273.1 C, high = +65261.8 C)

coretemp-isa-0000
Adapter: ISA adapter
Package id 0:  +82.0 C  (high = +100.0 C, crit = +100.0 C)
Core 0:        +68.0 C  (high = +100.0 C, crit = +100.0 C)
Core 4:        +77.0 C  (high = +100.0 C, crit = +100.0 C)
Core 8:        +69.0 C  (high = +100.0 C, crit = +100.0 C)
Core 12:       +81.0 C  (high = +100.0 C, crit = +100.0 C)
Core 16:       +72.0 C  (high = +100.0 C, crit = +100.0 C)
Core 20:       +82.0 C  (high = +100.0 C, crit = +100.0 C)
Core 24:       +71.0 C  (high = +100.0 C, crit = +100.0 C)
Core 28:       +80.0 C  (high = +100.0 C, crit = +100.0 C)
Core 32:       +70.0 C  (high = +100.0 C, crit = +100.0 C)
Core 33:       +70.0 C  (high = +100.0 C, crit = +100.0 C)
Core 34:       +70.0 C  (high = +100.0 C, crit = +100.0 C)
Core 35:       +70.0 C  (high = +100.0 C, crit = +100.0 C)
Core 36:       +80.0 C  (high = +100.0 C, crit = +100.0 C)
Core 37:       +80.0 C  (high = +100.0 C, crit = +100.0 C)
Core 38:       +80.0 C  (high = +100.0 C, crit = +100.0 C)
Core 39:       +80.0 C  (high = +100.0 C, crit = +100.0 C)
Core 40:       +72.0 C  (high = +100.0 C, crit = +100.0 C)
Core 41:       +72.0 C  (high = +100.0 C, crit = +100.0 C)
Core 42:       +72.0 C  (high = +100.0 C, crit = +100.0 C)
Core 43:       +72.0 C  (high = +100.0 C, crit = +100.0 C)
Core 44:       +76.0 C  (high = +100.0 C, crit = +100.0 C)
Core 45:       +77.0 C  (high = +100.0 C, crit = +100.0 C)
Core 46:       +77.0 C  (high = +100.0 C, crit = +100.0 C)
Core 47:       +77.0 C  (high = +100.0 C, crit = +100.0 C)

spd5118-i2c-5-50
Adapter: SMBus I801 adapter at 0000:00:1f.4
temp1:        +38.8 C  (low  =  +0.0 C, high = +55.0 C)
                       (crit low =  +0.0 C, crit = +85.0 C)

BAT0-acpi-0
Adapter: ACPI interface
in0:          16.38 V  
power1:        0.00 W  

### 2026-05-26T17:18:31+08:00 nvidia
2026/05/26 17:18:31.877, NVIDIA GeForce RTX 4060 Laptop GPU, GPU-5011cbcd-7033-6444-66e7-e485ade01645, P5, 48, 8.11, [N/A], 585, 810, 27, 24, 694
### 2026-05-26T17:18:31+08:00 cpu_frequency
/sys/devices/system/cpu/cpu0/cpufreq/scaling_cur_freq:3700000
/sys/devices/system/cpu/cpu1/cpufreq/scaling_cur_freq:3700037
/sys/devices/system/cpu/cpu10/cpufreq/scaling_cur_freq:3700036
/sys/devices/system/cpu/cpu11/cpufreq/scaling_cur_freq:3699963
/sys/devices/system/cpu/cpu12/cpufreq/scaling_cur_freq:3700000
/sys/devices/system/cpu/cpu13/cpufreq/scaling_cur_freq:3700037
/sys/devices/system/cpu/cpu14/cpufreq/scaling_cur_freq:3700037
/sys/devices/system/cpu/cpu15/cpufreq/scaling_cur_freq:3700000
/sys/devices/system/cpu/cpu16/cpufreq/scaling_cur_freq:3099905
/sys/devices/system/cpu/cpu17/cpufreq/scaling_cur_freq:3100002
/sys/devices/system/cpu/cpu18/cpufreq/scaling_cur_freq:3099988
/sys/devices/system/cpu/cpu19/cpufreq/scaling_cur_freq:3100018
/sys/devices/system/cpu/cpu2/cpufreq/scaling_cur_freq:3700037
/sys/devices/system/cpu/cpu20/cpufreq/scaling_cur_freq:3099960
/sys/devices/system/cpu/cpu21/cpufreq/scaling_cur_freq:3099981
/sys/devices/system/cpu/cpu22/cpufreq/scaling_cur_freq:3099970
/sys/devices/system/cpu/cpu23/cpufreq/scaling_cur_freq:3099986
/sys/devices/system/cpu/cpu24/cpufreq/scaling_cur_freq:3099980
/sys/devices/system/cpu/cpu25/cpufreq/scaling_cur_freq:3099972
/sys/devices/system/cpu/cpu26/cpufreq/scaling_cur_freq:3100034
/sys/devices/system/cpu/cpu27/cpufreq/scaling_cur_freq:3099978
/sys/devices/system/cpu/cpu28/cpufreq/scaling_cur_freq:3099986
/sys/devices/system/cpu/cpu29/cpufreq/scaling_cur_freq:3100002
/sys/devices/system/cpu/cpu3/cpufreq/scaling_cur_freq:3699962
/sys/devices/system/cpu/cpu30/cpufreq/scaling_cur_freq:3100018
/sys/devices/system/cpu/cpu31/cpufreq/scaling_cur_freq:3100060
/sys/devices/system/cpu/cpu4/cpufreq/scaling_cur_freq:3700000
/sys/devices/system/cpu/cpu5/cpufreq/scaling_cur_freq:3699962
/sys/devices/system/cpu/cpu6/cpufreq/scaling_cur_freq:3700037
/sys/devices/system/cpu/cpu7/cpufreq/scaling_cur_freq:3700000
/sys/devices/system/cpu/cpu8/cpufreq/scaling_cur_freq:3700000
/sys/devices/system/cpu/cpu9/cpufreq/scaling_cur_freq:3700000
### 2026-05-26T17:18:36+08:00 sensors
iwlwifi_1-virtual-0
Adapter: Virtual device
temp1:        +41.0 C  

spd5118-i2c-5-52
Adapter: SMBus I801 adapter at 0000:00:1f.4
temp1:        +36.2 C  (low  =  +0.0 C, high = +55.0 C)
                       (crit low =  +0.0 C, crit = +85.0 C)

nvme-pci-0200
Adapter: PCI adapter
Composite:    +39.9 C  (low  = -273.1 C, high = +75.8 C)
                       (crit = +86.8 C)
Sensor 1:     +39.9 C  (low  = -273.1 C, high = +65261.8 C)
Sensor 2:     +37.9 C  (low  = -273.1 C, high = +65261.8 C)

coretemp-isa-0000
Adapter: ISA adapter
Package id 0:  +85.0 C  (high = +100.0 C, crit = +100.0 C)
Core 0:        +68.0 C  (high = +100.0 C, crit = +100.0 C)
Core 4:        +78.0 C  (high = +100.0 C, crit = +100.0 C)
Core 8:        +71.0 C  (high = +100.0 C, crit = +100.0 C)
Core 12:       +83.0 C  (high = +100.0 C, crit = +100.0 C)
Core 16:       +73.0 C  (high = +100.0 C, crit = +100.0 C)
Core 20:       +85.0 C  (high = +100.0 C, crit = +100.0 C)
Core 24:       +72.0 C  (high = +100.0 C, crit = +100.0 C)
Core 28:       +81.0 C  (high = +100.0 C, crit = +100.0 C)
Core 32:       +70.0 C  (high = +100.0 C, crit = +100.0 C)
Core 33:       +70.0 C  (high = +100.0 C, crit = +100.0 C)
Core 34:       +70.0 C  (high = +100.0 C, crit = +100.0 C)
Core 35:       +70.0 C  (high = +100.0 C, crit = +100.0 C)
Core 36:       +78.0 C  (high = +100.0 C, crit = +100.0 C)
Core 37:       +78.0 C  (high = +100.0 C, crit = +100.0 C)
Core 38:       +78.0 C  (high = +100.0 C, crit = +100.0 C)
Core 39:       +78.0 C  (high = +100.0 C, crit = +100.0 C)
Core 40:       +72.0 C  (high = +100.0 C, crit = +100.0 C)
Core 41:       +72.0 C  (high = +100.0 C, crit = +100.0 C)
Core 42:       +72.0 C  (high = +100.0 C, crit = +100.0 C)
Core 43:       +72.0 C  (high = +100.0 C, crit = +100.0 C)
Core 44:       +77.0 C  (high = +100.0 C, crit = +100.0 C)
Core 45:       +77.0 C  (high = +100.0 C, crit = +100.0 C)
Core 46:       +77.0 C  (high = +100.0 C, crit = +100.0 C)
Core 47:       +77.0 C  (high = +100.0 C, crit = +100.0 C)

spd5118-i2c-5-50
Adapter: SMBus I801 adapter at 0000:00:1f.4
temp1:        +39.0 C  (low  =  +0.0 C, high = +55.0 C)
                       (crit low =  +0.0 C, crit = +85.0 C)

BAT0-acpi-0
Adapter: ACPI interface
in0:          16.38 V  
power1:        0.00 W  

### 2026-05-26T17:18:36+08:00 nvidia
2026/05/26 17:18:37.011, NVIDIA GeForce RTX 4060 Laptop GPU, GPU-5011cbcd-7033-6444-66e7-e485ade01645, P5, 48, 7.91, [N/A], 630, 810, 32, 27, 694
### 2026-05-26T17:18:37+08:00 cpu_frequency
/sys/devices/system/cpu/cpu0/cpufreq/scaling_cur_freq:3700037
/sys/devices/system/cpu/cpu1/cpufreq/scaling_cur_freq:3700000
/sys/devices/system/cpu/cpu10/cpufreq/scaling_cur_freq:3700000
/sys/devices/system/cpu/cpu11/cpufreq/scaling_cur_freq:3699962
/sys/devices/system/cpu/cpu12/cpufreq/scaling_cur_freq:3700037
/sys/devices/system/cpu/cpu13/cpufreq/scaling_cur_freq:3699962
/sys/devices/system/cpu/cpu14/cpufreq/scaling_cur_freq:3699962
/sys/devices/system/cpu/cpu15/cpufreq/scaling_cur_freq:3700000
/sys/devices/system/cpu/cpu16/cpufreq/scaling_cur_freq:3100025
/sys/devices/system/cpu/cpu17/cpufreq/scaling_cur_freq:3100024
/sys/devices/system/cpu/cpu18/cpufreq/scaling_cur_freq:3099982
/sys/devices/system/cpu/cpu19/cpufreq/scaling_cur_freq:3100030
/sys/devices/system/cpu/cpu2/cpufreq/scaling_cur_freq:3691447
/sys/devices/system/cpu/cpu20/cpufreq/scaling_cur_freq:3099983
/sys/devices/system/cpu/cpu21/cpufreq/scaling_cur_freq:3100021
/sys/devices/system/cpu/cpu22/cpufreq/scaling_cur_freq:3100001
/sys/devices/system/cpu/cpu23/cpufreq/scaling_cur_freq:3100000
/sys/devices/system/cpu/cpu24/cpufreq/scaling_cur_freq:3100016
/sys/devices/system/cpu/cpu25/cpufreq/scaling_cur_freq:3099961
/sys/devices/system/cpu/cpu26/cpufreq/scaling_cur_freq:3099951
/sys/devices/system/cpu/cpu27/cpufreq/scaling_cur_freq:3099931
/sys/devices/system/cpu/cpu28/cpufreq/scaling_cur_freq:3099957
/sys/devices/system/cpu/cpu29/cpufreq/scaling_cur_freq:3099980
/sys/devices/system/cpu/cpu3/cpufreq/scaling_cur_freq:3691420
/sys/devices/system/cpu/cpu30/cpufreq/scaling_cur_freq:3099925
/sys/devices/system/cpu/cpu31/cpufreq/scaling_cur_freq:3100012
/sys/devices/system/cpu/cpu4/cpufreq/scaling_cur_freq:3700000
/sys/devices/system/cpu/cpu5/cpufreq/scaling_cur_freq:3699962
/sys/devices/system/cpu/cpu6/cpufreq/scaling_cur_freq:3699962
/sys/devices/system/cpu/cpu7/cpufreq/scaling_cur_freq:3699962
/sys/devices/system/cpu/cpu8/cpufreq/scaling_cur_freq:3700000
/sys/devices/system/cpu/cpu9/cpufreq/scaling_cur_freq:3700000
### 2026-05-26T17:18:42+08:00 sensors
iwlwifi_1-virtual-0
Adapter: Virtual device
temp1:        +41.0 C  

spd5118-i2c-5-52
Adapter: SMBus I801 adapter at 0000:00:1f.4
temp1:        +36.5 C  (low  =  +0.0 C, high = +55.0 C)
                       (crit low =  +0.0 C, crit = +85.0 C)

nvme-pci-0200
Adapter: PCI adapter
Composite:    +39.9 C  (low  = -273.1 C, high = +75.8 C)
                       (crit = +86.8 C)
Sensor 1:     +39.9 C  (low  = -273.1 C, high = +65261.8 C)
Sensor 2:     +37.9 C  (low  = -273.1 C, high = +65261.8 C)

coretemp-isa-0000
Adapter: ISA adapter
Package id 0:  +83.0 C  (high = +100.0 C, crit = +100.0 C)
Core 0:        +68.0 C  (high = +100.0 C, crit = +100.0 C)
Core 4:        +77.0 C  (high = +100.0 C, crit = +100.0 C)
Core 8:        +69.0 C  (high = +100.0 C, crit = +100.0 C)
Core 12:       +80.0 C  (high = +100.0 C, crit = +100.0 C)
Core 16:       +72.0 C  (high = +100.0 C, crit = +100.0 C)
Core 20:       +83.0 C  (high = +100.0 C, crit = +100.0 C)
Core 24:       +71.0 C  (high = +100.0 C, crit = +100.0 C)
Core 28:       +81.0 C  (high = +100.0 C, crit = +100.0 C)
Core 32:       +72.0 C  (high = +100.0 C, crit = +100.0 C)
Core 33:       +70.0 C  (high = +100.0 C, crit = +100.0 C)
Core 34:       +72.0 C  (high = +100.0 C, crit = +100.0 C)
Core 35:       +71.0 C  (high = +100.0 C, crit = +100.0 C)
Core 36:       +80.0 C  (high = +100.0 C, crit = +100.0 C)
Core 37:       +78.0 C  (high = +100.0 C, crit = +100.0 C)
Core 38:       +80.0 C  (high = +100.0 C, crit = +100.0 C)
Core 39:       +80.0 C  (high = +100.0 C, crit = +100.0 C)
Core 40:       +72.0 C  (high = +100.0 C, crit = +100.0 C)
Core 41:       +71.0 C  (high = +100.0 C, crit = +100.0 C)
Core 42:       +72.0 C  (high = +100.0 C, crit = +100.0 C)
Core 43:       +72.0 C  (high = +100.0 C, crit = +100.0 C)
Core 44:       +77.0 C  (high = +100.0 C, crit = +100.0 C)
Core 45:       +77.0 C  (high = +100.0 C, crit = +100.0 C)
Core 46:       +77.0 C  (high = +100.0 C, crit = +100.0 C)
Core 47:       +77.0 C  (high = +100.0 C, crit = +100.0 C)

spd5118-i2c-5-50
Adapter: SMBus I801 adapter at 0000:00:1f.4
temp1:        +39.2 C  (low  =  +0.0 C, high = +55.0 C)
                       (crit low =  +0.0 C, crit = +85.0 C)

BAT0-acpi-0
Adapter: ACPI interface
in0:          16.38 V  
power1:        0.00 W  

### 2026-05-26T17:18:42+08:00 nvidia
2026/05/26 17:18:42.217, NVIDIA GeForce RTX 4060 Laptop GPU, GPU-5011cbcd-7033-6444-66e7-e485ade01645, P0, 48, 11.56, [N/A], 1275, 8001, 4, 1, 694
### 2026-05-26T17:18:42+08:00 cpu_frequency
/sys/devices/system/cpu/cpu0/cpufreq/scaling_cur_freq:3540055
/sys/devices/system/cpu/cpu1/cpufreq/scaling_cur_freq:3540022
/sys/devices/system/cpu/cpu10/cpufreq/scaling_cur_freq:3600000
/sys/devices/system/cpu/cpu11/cpufreq/scaling_cur_freq:3599963
/sys/devices/system/cpu/cpu12/cpufreq/scaling_cur_freq:3600000
/sys/devices/system/cpu/cpu13/cpufreq/scaling_cur_freq:3600000
/sys/devices/system/cpu/cpu14/cpufreq/scaling_cur_freq:3526301
/sys/devices/system/cpu/cpu15/cpufreq/scaling_cur_freq:3526303
/sys/devices/system/cpu/cpu16/cpufreq/scaling_cur_freq:3000010
/sys/devices/system/cpu/cpu17/cpufreq/scaling_cur_freq:2999893
/sys/devices/system/cpu/cpu18/cpufreq/scaling_cur_freq:3000041
/sys/devices/system/cpu/cpu19/cpufreq/scaling_cur_freq:3000092
/sys/devices/system/cpu/cpu2/cpufreq/scaling_cur_freq:3600036
/sys/devices/system/cpu/cpu20/cpufreq/scaling_cur_freq:2999980
/sys/devices/system/cpu/cpu21/cpufreq/scaling_cur_freq:2999962
/sys/devices/system/cpu/cpu22/cpufreq/scaling_cur_freq:3000051
/sys/devices/system/cpu/cpu23/cpufreq/scaling_cur_freq:2999978
/sys/devices/system/cpu/cpu24/cpufreq/scaling_cur_freq:3000009
/sys/devices/system/cpu/cpu25/cpufreq/scaling_cur_freq:2999892
/sys/devices/system/cpu/cpu26/cpufreq/scaling_cur_freq:2999998
/sys/devices/system/cpu/cpu27/cpufreq/scaling_cur_freq:2999918
/sys/devices/system/cpu/cpu28/cpufreq/scaling_cur_freq:2999982
/sys/devices/system/cpu/cpu29/cpufreq/scaling_cur_freq:2999994
/sys/devices/system/cpu/cpu3/cpufreq/scaling_cur_freq:3599963
/sys/devices/system/cpu/cpu30/cpufreq/scaling_cur_freq:3000082
/sys/devices/system/cpu/cpu31/cpufreq/scaling_cur_freq:3000036
/sys/devices/system/cpu/cpu4/cpufreq/scaling_cur_freq:3600000
/sys/devices/system/cpu/cpu5/cpufreq/scaling_cur_freq:3600000
/sys/devices/system/cpu/cpu6/cpufreq/scaling_cur_freq:3600036
/sys/devices/system/cpu/cpu7/cpufreq/scaling_cur_freq:3600036
/sys/devices/system/cpu/cpu8/cpufreq/scaling_cur_freq:3600000
/sys/devices/system/cpu/cpu9/cpufreq/scaling_cur_freq:3600000
### 2026-05-26T17:18:47+08:00 sensors
iwlwifi_1-virtual-0
Adapter: Virtual device
temp1:        +41.0 C  

spd5118-i2c-5-52
Adapter: SMBus I801 adapter at 0000:00:1f.4
temp1:        +36.8 C  (low  =  +0.0 C, high = +55.0 C)
                       (crit low =  +0.0 C, crit = +85.0 C)

nvme-pci-0200
Adapter: PCI adapter
Composite:    +39.9 C  (low  = -273.1 C, high = +75.8 C)
                       (crit = +86.8 C)
Sensor 1:     +39.9 C  (low  = -273.1 C, high = +65261.8 C)
Sensor 2:     +44.9 C  (low  = -273.1 C, high = +65261.8 C)

coretemp-isa-0000
Adapter: ISA adapter
Package id 0:  +83.0 C  (high = +100.0 C, crit = +100.0 C)
Core 0:        +68.0 C  (high = +100.0 C, crit = +100.0 C)
Core 4:        +77.0 C  (high = +100.0 C, crit = +100.0 C)
Core 8:        +69.0 C  (high = +100.0 C, crit = +100.0 C)
Core 12:       +81.0 C  (high = +100.0 C, crit = +100.0 C)
Core 16:       +72.0 C  (high = +100.0 C, crit = +100.0 C)
Core 20:       +83.0 C  (high = +100.0 C, crit = +100.0 C)
Core 24:       +70.0 C  (high = +100.0 C, crit = +100.0 C)
Core 28:       +78.0 C  (high = +100.0 C, crit = +100.0 C)
Core 32:       +70.0 C  (high = +100.0 C, crit = +100.0 C)
Core 33:       +70.0 C  (high = +100.0 C, crit = +100.0 C)
Core 34:       +70.0 C  (high = +100.0 C, crit = +100.0 C)
Core 35:       +70.0 C  (high = +100.0 C, crit = +100.0 C)
Core 36:       +78.0 C  (high = +100.0 C, crit = +100.0 C)
Core 37:       +78.0 C  (high = +100.0 C, crit = +100.0 C)
Core 38:       +80.0 C  (high = +100.0 C, crit = +100.0 C)
Core 39:       +80.0 C  (high = +100.0 C, crit = +100.0 C)
Core 40:       +72.0 C  (high = +100.0 C, crit = +100.0 C)
Core 41:       +72.0 C  (high = +100.0 C, crit = +100.0 C)
Core 42:       +71.0 C  (high = +100.0 C, crit = +100.0 C)
Core 43:       +72.0 C  (high = +100.0 C, crit = +100.0 C)
Core 44:       +77.0 C  (high = +100.0 C, crit = +100.0 C)
Core 45:       +77.0 C  (high = +100.0 C, crit = +100.0 C)
Core 46:       +77.0 C  (high = +100.0 C, crit = +100.0 C)
Core 47:       +77.0 C  (high = +100.0 C, crit = +100.0 C)

spd5118-i2c-5-50
Adapter: SMBus I801 adapter at 0000:00:1f.4
temp1:        +39.8 C  (low  =  +0.0 C, high = +55.0 C)
                       (crit low =  +0.0 C, crit = +85.0 C)

BAT0-acpi-0
Adapter: ACPI interface
in0:          16.38 V  
power1:        0.00 W  

### 2026-05-26T17:18:47+08:00 nvidia
2026/05/26 17:18:47.376, NVIDIA GeForce RTX 4060 Laptop GPU, GPU-5011cbcd-7033-6444-66e7-e485ade01645, P0, 49, 20.75, [N/A], 1890, 8001, 13, 6, 712
### 2026-05-26T17:18:47+08:00 cpu_frequency
/sys/devices/system/cpu/cpu0/cpufreq/scaling_cur_freq:3600000
/sys/devices/system/cpu/cpu1/cpufreq/scaling_cur_freq:3600000
/sys/devices/system/cpu/cpu10/cpufreq/scaling_cur_freq:3600000
/sys/devices/system/cpu/cpu11/cpufreq/scaling_cur_freq:3600000
/sys/devices/system/cpu/cpu12/cpufreq/scaling_cur_freq:3600000
/sys/devices/system/cpu/cpu13/cpufreq/scaling_cur_freq:3600036
/sys/devices/system/cpu/cpu14/cpufreq/scaling_cur_freq:3600000
/sys/devices/system/cpu/cpu15/cpufreq/scaling_cur_freq:3600036
/sys/devices/system/cpu/cpu16/cpufreq/scaling_cur_freq:2999929
/sys/devices/system/cpu/cpu17/cpufreq/scaling_cur_freq:3000016
/sys/devices/system/cpu/cpu18/cpufreq/scaling_cur_freq:3000011
/sys/devices/system/cpu/cpu19/cpufreq/scaling_cur_freq:3000088
/sys/devices/system/cpu/cpu2/cpufreq/scaling_cur_freq:3562285
/sys/devices/system/cpu/cpu20/cpufreq/scaling_cur_freq:2999976
/sys/devices/system/cpu/cpu21/cpufreq/scaling_cur_freq:2999936
/sys/devices/system/cpu/cpu22/cpufreq/scaling_cur_freq:2999924
/sys/devices/system/cpu/cpu23/cpufreq/scaling_cur_freq:3000104
/sys/devices/system/cpu/cpu24/cpufreq/scaling_cur_freq:2999949
/sys/devices/system/cpu/cpu25/cpufreq/scaling_cur_freq:3000009
/sys/devices/system/cpu/cpu26/cpufreq/scaling_cur_freq:2999998
/sys/devices/system/cpu/cpu27/cpufreq/scaling_cur_freq:2999949
/sys/devices/system/cpu/cpu28/cpufreq/scaling_cur_freq:3000037
/sys/devices/system/cpu/cpu29/cpufreq/scaling_cur_freq:2999911
/sys/devices/system/cpu/cpu3/cpufreq/scaling_cur_freq:3562295
/sys/devices/system/cpu/cpu30/cpufreq/scaling_cur_freq:2999891
/sys/devices/system/cpu/cpu31/cpufreq/scaling_cur_freq:3000023
/sys/devices/system/cpu/cpu4/cpufreq/scaling_cur_freq:3600000
/sys/devices/system/cpu/cpu5/cpufreq/scaling_cur_freq:3600000
/sys/devices/system/cpu/cpu6/cpufreq/scaling_cur_freq:3599963
/sys/devices/system/cpu/cpu7/cpufreq/scaling_cur_freq:3600000
/sys/devices/system/cpu/cpu8/cpufreq/scaling_cur_freq:3600000
/sys/devices/system/cpu/cpu9/cpufreq/scaling_cur_freq:3600000
### 2026-05-26T17:18:52+08:00 sensors
iwlwifi_1-virtual-0
Adapter: Virtual device
temp1:        +41.0 C  

spd5118-i2c-5-52
Adapter: SMBus I801 adapter at 0000:00:1f.4
temp1:        +37.0 C  (low  =  +0.0 C, high = +55.0 C)
                       (crit low =  +0.0 C, crit = +85.0 C)

nvme-pci-0200
Adapter: PCI adapter
Composite:    +39.9 C  (low  = -273.1 C, high = +75.8 C)
                       (crit = +86.8 C)
Sensor 1:     +39.9 C  (low  = -273.1 C, high = +65261.8 C)
Sensor 2:     +48.9 C  (low  = -273.1 C, high = +65261.8 C)

coretemp-isa-0000
Adapter: ISA adapter
Package id 0:  +83.0 C  (high = +100.0 C, crit = +100.0 C)
Core 0:        +68.0 C  (high = +100.0 C, crit = +100.0 C)
Core 4:        +78.0 C  (high = +100.0 C, crit = +100.0 C)
Core 8:        +69.0 C  (high = +100.0 C, crit = +100.0 C)
Core 12:       +81.0 C  (high = +100.0 C, crit = +100.0 C)
Core 16:       +73.0 C  (high = +100.0 C, crit = +100.0 C)
Core 20:       +82.0 C  (high = +100.0 C, crit = +100.0 C)
Core 24:       +72.0 C  (high = +100.0 C, crit = +100.0 C)
Core 28:       +80.0 C  (high = +100.0 C, crit = +100.0 C)
Core 32:       +70.0 C  (high = +100.0 C, crit = +100.0 C)
Core 33:       +70.0 C  (high = +100.0 C, crit = +100.0 C)
Core 34:       +70.0 C  (high = +100.0 C, crit = +100.0 C)
Core 35:       +70.0 C  (high = +100.0 C, crit = +100.0 C)
Core 36:       +80.0 C  (high = +100.0 C, crit = +100.0 C)
Core 37:       +80.0 C  (high = +100.0 C, crit = +100.0 C)
Core 38:       +80.0 C  (high = +100.0 C, crit = +100.0 C)
Core 39:       +80.0 C  (high = +100.0 C, crit = +100.0 C)
Core 40:       +72.0 C  (high = +100.0 C, crit = +100.0 C)
Core 41:       +72.0 C  (high = +100.0 C, crit = +100.0 C)
Core 42:       +72.0 C  (high = +100.0 C, crit = +100.0 C)
Core 43:       +72.0 C  (high = +100.0 C, crit = +100.0 C)
Core 44:       +77.0 C  (high = +100.0 C, crit = +100.0 C)
Core 45:       +77.0 C  (high = +100.0 C, crit = +100.0 C)
Core 46:       +77.0 C  (high = +100.0 C, crit = +100.0 C)
Core 47:       +77.0 C  (high = +100.0 C, crit = +100.0 C)

spd5118-i2c-5-50
Adapter: SMBus I801 adapter at 0000:00:1f.4
temp1:        +40.0 C  (low  =  +0.0 C, high = +55.0 C)
                       (crit low =  +0.0 C, crit = +85.0 C)

BAT0-acpi-0
Adapter: ACPI interface
in0:          16.38 V  
power1:        0.00 W  

### 2026-05-26T17:18:52+08:00 nvidia
2026/05/26 17:18:52.572, NVIDIA GeForce RTX 4060 Laptop GPU, GPU-5011cbcd-7033-6444-66e7-e485ade01645, P0, 48, 12.11, [N/A], 1185, 8001, 17, 4, 712
### 2026-05-26T17:18:52+08:00 cpu_frequency
/sys/devices/system/cpu/cpu0/cpufreq/scaling_cur_freq:3699962
/sys/devices/system/cpu/cpu1/cpufreq/scaling_cur_freq:3699962
/sys/devices/system/cpu/cpu10/cpufreq/scaling_cur_freq:3700000
/sys/devices/system/cpu/cpu11/cpufreq/scaling_cur_freq:3700000
/sys/devices/system/cpu/cpu12/cpufreq/scaling_cur_freq:3700074
/sys/devices/system/cpu/cpu13/cpufreq/scaling_cur_freq:3700037
/sys/devices/system/cpu/cpu14/cpufreq/scaling_cur_freq:3700000
/sys/devices/system/cpu/cpu15/cpufreq/scaling_cur_freq:3700000
/sys/devices/system/cpu/cpu16/cpufreq/scaling_cur_freq:3100097
/sys/devices/system/cpu/cpu17/cpufreq/scaling_cur_freq:3100026
/sys/devices/system/cpu/cpu18/cpufreq/scaling_cur_freq:3100076
/sys/devices/system/cpu/cpu19/cpufreq/scaling_cur_freq:3100064
/sys/devices/system/cpu/cpu2/cpufreq/scaling_cur_freq:3644336
/sys/devices/system/cpu/cpu20/cpufreq/scaling_cur_freq:3099989
/sys/devices/system/cpu/cpu21/cpufreq/scaling_cur_freq:3099990
/sys/devices/system/cpu/cpu22/cpufreq/scaling_cur_freq:3100024
/sys/devices/system/cpu/cpu23/cpufreq/scaling_cur_freq:3099975
/sys/devices/system/cpu/cpu24/cpufreq/scaling_cur_freq:3099971
/sys/devices/system/cpu/cpu25/cpufreq/scaling_cur_freq:3099916
/sys/devices/system/cpu/cpu26/cpufreq/scaling_cur_freq:3100034
/sys/devices/system/cpu/cpu27/cpufreq/scaling_cur_freq:3100062
/sys/devices/system/cpu/cpu28/cpufreq/scaling_cur_freq:3099980
/sys/devices/system/cpu/cpu29/cpufreq/scaling_cur_freq:3100033
/sys/devices/system/cpu/cpu3/cpufreq/scaling_cur_freq:3644399
/sys/devices/system/cpu/cpu30/cpufreq/scaling_cur_freq:3099987
/sys/devices/system/cpu/cpu31/cpufreq/scaling_cur_freq:3100036
/sys/devices/system/cpu/cpu4/cpufreq/scaling_cur_freq:3499879
/sys/devices/system/cpu/cpu5/cpufreq/scaling_cur_freq:3499877
/sys/devices/system/cpu/cpu6/cpufreq/scaling_cur_freq:3700000
/sys/devices/system/cpu/cpu7/cpufreq/scaling_cur_freq:3700000
/sys/devices/system/cpu/cpu8/cpufreq/scaling_cur_freq:3700037
/sys/devices/system/cpu/cpu9/cpufreq/scaling_cur_freq:3700000
### 2026-05-26T17:18:57+08:00 sensors
iwlwifi_1-virtual-0
Adapter: Virtual device
temp1:        +40.0 C  

spd5118-i2c-5-52
Adapter: SMBus I801 adapter at 0000:00:1f.4
temp1:        +37.2 C  (low  =  +0.0 C, high = +55.0 C)
                       (crit low =  +0.0 C, crit = +85.0 C)

nvme-pci-0200
Adapter: PCI adapter
Composite:    +40.9 C  (low  = -273.1 C, high = +75.8 C)
                       (crit = +86.8 C)
Sensor 1:     +40.9 C  (low  = -273.1 C, high = +65261.8 C)
Sensor 2:     +49.9 C  (low  = -273.1 C, high = +65261.8 C)

coretemp-isa-0000
Adapter: ISA adapter
Package id 0:  +83.0 C  (high = +100.0 C, crit = +100.0 C)
Core 0:        +70.0 C  (high = +100.0 C, crit = +100.0 C)
Core 4:        +77.0 C  (high = +100.0 C, crit = +100.0 C)
Core 8:        +71.0 C  (high = +100.0 C, crit = +100.0 C)
Core 12:       +83.0 C  (high = +100.0 C, crit = +100.0 C)
Core 16:       +73.0 C  (high = +100.0 C, crit = +100.0 C)
Core 20:       +83.0 C  (high = +100.0 C, crit = +100.0 C)
Core 24:       +72.0 C  (high = +100.0 C, crit = +100.0 C)
Core 28:       +81.0 C  (high = +100.0 C, crit = +100.0 C)
Core 32:       +70.0 C  (high = +100.0 C, crit = +100.0 C)
Core 33:       +70.0 C  (high = +100.0 C, crit = +100.0 C)
Core 34:       +70.0 C  (high = +100.0 C, crit = +100.0 C)
Core 35:       +70.0 C  (high = +100.0 C, crit = +100.0 C)
Core 36:       +80.0 C  (high = +100.0 C, crit = +100.0 C)
Core 37:       +80.0 C  (high = +100.0 C, crit = +100.0 C)
Core 38:       +80.0 C  (high = +100.0 C, crit = +100.0 C)
Core 39:       +80.0 C  (high = +100.0 C, crit = +100.0 C)
Core 40:       +74.0 C  (high = +100.0 C, crit = +100.0 C)
Core 41:       +74.0 C  (high = +100.0 C, crit = +100.0 C)
Core 42:       +74.0 C  (high = +100.0 C, crit = +100.0 C)
Core 43:       +74.0 C  (high = +100.0 C, crit = +100.0 C)
Core 44:       +77.0 C  (high = +100.0 C, crit = +100.0 C)
Core 45:       +77.0 C  (high = +100.0 C, crit = +100.0 C)
Core 46:       +77.0 C  (high = +100.0 C, crit = +100.0 C)
Core 47:       +77.0 C  (high = +100.0 C, crit = +100.0 C)

spd5118-i2c-5-50
Adapter: SMBus I801 adapter at 0000:00:1f.4
temp1:        +40.2 C  (low  =  +0.0 C, high = +55.0 C)
                       (crit low =  +0.0 C, crit = +85.0 C)

BAT0-acpi-0
Adapter: ACPI interface
in0:          16.38 V  
power1:        0.00 W  

### 2026-05-26T17:18:57+08:00 nvidia
2026/05/26 17:18:57.712, NVIDIA GeForce RTX 4060 Laptop GPU, GPU-5011cbcd-7033-6444-66e7-e485ade01645, P0, 48, 13.01, [N/A], 1245, 8001, 11, 3, 712
### 2026-05-26T17:18:57+08:00 cpu_frequency
/sys/devices/system/cpu/cpu0/cpufreq/scaling_cur_freq:3700000
/sys/devices/system/cpu/cpu1/cpufreq/scaling_cur_freq:3700000
/sys/devices/system/cpu/cpu10/cpufreq/scaling_cur_freq:3700000
/sys/devices/system/cpu/cpu11/cpufreq/scaling_cur_freq:3699962
/sys/devices/system/cpu/cpu12/cpufreq/scaling_cur_freq:3700000
/sys/devices/system/cpu/cpu13/cpufreq/scaling_cur_freq:3700000
/sys/devices/system/cpu/cpu14/cpufreq/scaling_cur_freq:3700000
/sys/devices/system/cpu/cpu15/cpufreq/scaling_cur_freq:3700000
/sys/devices/system/cpu/cpu16/cpufreq/scaling_cur_freq:3099938
/sys/devices/system/cpu/cpu17/cpufreq/scaling_cur_freq:3100008
/sys/devices/system/cpu/cpu18/cpufreq/scaling_cur_freq:3100006
/sys/devices/system/cpu/cpu19/cpufreq/scaling_cur_freq:3100016
/sys/devices/system/cpu/cpu2/cpufreq/scaling_cur_freq:3700000
/sys/devices/system/cpu/cpu20/cpufreq/scaling_cur_freq:3100036
/sys/devices/system/cpu/cpu21/cpufreq/scaling_cur_freq:3100073
/sys/devices/system/cpu/cpu22/cpufreq/scaling_cur_freq:3099967
/sys/devices/system/cpu/cpu23/cpufreq/scaling_cur_freq:3100025
/sys/devices/system/cpu/cpu24/cpufreq/scaling_cur_freq:3100028
/sys/devices/system/cpu/cpu25/cpufreq/scaling_cur_freq:3100004
/sys/devices/system/cpu/cpu26/cpufreq/scaling_cur_freq:3099943
/sys/devices/system/cpu/cpu27/cpufreq/scaling_cur_freq:3099977
/sys/devices/system/cpu/cpu28/cpufreq/scaling_cur_freq:3099912
/sys/devices/system/cpu/cpu29/cpufreq/scaling_cur_freq:3100058
/sys/devices/system/cpu/cpu3/cpufreq/scaling_cur_freq:3700000
/sys/devices/system/cpu/cpu30/cpufreq/scaling_cur_freq:3100051
/sys/devices/system/cpu/cpu31/cpufreq/scaling_cur_freq:3099973
/sys/devices/system/cpu/cpu4/cpufreq/scaling_cur_freq:3699962
/sys/devices/system/cpu/cpu5/cpufreq/scaling_cur_freq:3700000
/sys/devices/system/cpu/cpu6/cpufreq/scaling_cur_freq:3700000
/sys/devices/system/cpu/cpu7/cpufreq/scaling_cur_freq:3700000
/sys/devices/system/cpu/cpu8/cpufreq/scaling_cur_freq:3700037
/sys/devices/system/cpu/cpu9/cpufreq/scaling_cur_freq:3700000
### 2026-05-26T17:19:02+08:00 sensors
iwlwifi_1-virtual-0
Adapter: Virtual device
temp1:        +41.0 C  

spd5118-i2c-5-52
Adapter: SMBus I801 adapter at 0000:00:1f.4
temp1:        +37.5 C  (low  =  +0.0 C, high = +55.0 C)
                       (crit low =  +0.0 C, crit = +85.0 C)

nvme-pci-0200
Adapter: PCI adapter
Composite:    +40.9 C  (low  = -273.1 C, high = +75.8 C)
                       (crit = +86.8 C)
Sensor 1:     +40.9 C  (low  = -273.1 C, high = +65261.8 C)
Sensor 2:     +50.9 C  (low  = -273.1 C, high = +65261.8 C)

coretemp-isa-0000
Adapter: ISA adapter
Package id 0:  +83.0 C  (high = +100.0 C, crit = +100.0 C)
Core 0:        +68.0 C  (high = +100.0 C, crit = +100.0 C)
Core 4:        +77.0 C  (high = +100.0 C, crit = +100.0 C)
Core 8:        +69.0 C  (high = +100.0 C, crit = +100.0 C)
Core 12:       +80.0 C  (high = +100.0 C, crit = +100.0 C)
Core 16:       +73.0 C  (high = +100.0 C, crit = +100.0 C)
Core 20:       +82.0 C  (high = +100.0 C, crit = +100.0 C)
Core 24:       +69.0 C  (high = +100.0 C, crit = +100.0 C)
Core 28:       +80.0 C  (high = +100.0 C, crit = +100.0 C)
Core 32:       +72.0 C  (high = +100.0 C, crit = +100.0 C)
Core 33:       +72.0 C  (high = +100.0 C, crit = +100.0 C)
Core 34:       +72.0 C  (high = +100.0 C, crit = +100.0 C)
Core 35:       +72.0 C  (high = +100.0 C, crit = +100.0 C)
Core 36:       +80.0 C  (high = +100.0 C, crit = +100.0 C)
Core 37:       +80.0 C  (high = +100.0 C, crit = +100.0 C)
Core 38:       +80.0 C  (high = +100.0 C, crit = +100.0 C)
Core 39:       +80.0 C  (high = +100.0 C, crit = +100.0 C)
Core 40:       +72.0 C  (high = +100.0 C, crit = +100.0 C)
Core 41:       +72.0 C  (high = +100.0 C, crit = +100.0 C)
Core 42:       +72.0 C  (high = +100.0 C, crit = +100.0 C)
Core 43:       +72.0 C  (high = +100.0 C, crit = +100.0 C)
Core 44:       +76.0 C  (high = +100.0 C, crit = +100.0 C)
Core 45:       +76.0 C  (high = +100.0 C, crit = +100.0 C)
Core 46:       +76.0 C  (high = +100.0 C, crit = +100.0 C)
Core 47:       +76.0 C  (high = +100.0 C, crit = +100.0 C)

spd5118-i2c-5-50
Adapter: SMBus I801 adapter at 0000:00:1f.4
temp1:        +40.5 C  (low  =  +0.0 C, high = +55.0 C)
                       (crit low =  +0.0 C, crit = +85.0 C)

BAT0-acpi-0
Adapter: ACPI interface
in0:          16.38 V  
power1:        0.00 W  

### 2026-05-26T17:19:02+08:00 nvidia
2026/05/26 17:19:02.882, NVIDIA GeForce RTX 4060 Laptop GPU, GPU-5011cbcd-7033-6444-66e7-e485ade01645, P5, 48, 8.16, [N/A], 600, 810, 33, 27, 712
### 2026-05-26T17:19:02+08:00 cpu_frequency
/sys/devices/system/cpu/cpu0/cpufreq/scaling_cur_freq:3700000
/sys/devices/system/cpu/cpu1/cpufreq/scaling_cur_freq:3699962
/sys/devices/system/cpu/cpu10/cpufreq/scaling_cur_freq:3699962
/sys/devices/system/cpu/cpu11/cpufreq/scaling_cur_freq:3700000
/sys/devices/system/cpu/cpu12/cpufreq/scaling_cur_freq:3539790
/sys/devices/system/cpu/cpu13/cpufreq/scaling_cur_freq:3539794
/sys/devices/system/cpu/cpu14/cpufreq/scaling_cur_freq:3700074
/sys/devices/system/cpu/cpu15/cpufreq/scaling_cur_freq:3700000
/sys/devices/system/cpu/cpu16/cpufreq/scaling_cur_freq:3100017
/sys/devices/system/cpu/cpu17/cpufreq/scaling_cur_freq:3099949
/sys/devices/system/cpu/cpu18/cpufreq/scaling_cur_freq:3100007
/sys/devices/system/cpu/cpu19/cpufreq/scaling_cur_freq:3100070
/sys/devices/system/cpu/cpu2/cpufreq/scaling_cur_freq:3699962
/sys/devices/system/cpu/cpu20/cpufreq/scaling_cur_freq:3099988
/sys/devices/system/cpu/cpu21/cpufreq/scaling_cur_freq:3100095
/sys/devices/system/cpu/cpu22/cpufreq/scaling_cur_freq:3100066
/sys/devices/system/cpu/cpu23/cpufreq/scaling_cur_freq:3099953
/sys/devices/system/cpu/cpu24/cpufreq/scaling_cur_freq:3100043
/sys/devices/system/cpu/cpu25/cpufreq/scaling_cur_freq:3100062
/sys/devices/system/cpu/cpu26/cpufreq/scaling_cur_freq:3100011
/sys/devices/system/cpu/cpu27/cpufreq/scaling_cur_freq:3100029
/sys/devices/system/cpu/cpu28/cpufreq/scaling_cur_freq:3100071
/sys/devices/system/cpu/cpu29/cpufreq/scaling_cur_freq:3100000
/sys/devices/system/cpu/cpu3/cpufreq/scaling_cur_freq:3700037
/sys/devices/system/cpu/cpu30/cpufreq/scaling_cur_freq:3100034
/sys/devices/system/cpu/cpu31/cpufreq/scaling_cur_freq:3100069
/sys/devices/system/cpu/cpu4/cpufreq/scaling_cur_freq:3700000
/sys/devices/system/cpu/cpu5/cpufreq/scaling_cur_freq:3699962
/sys/devices/system/cpu/cpu6/cpufreq/scaling_cur_freq:3699962
/sys/devices/system/cpu/cpu7/cpufreq/scaling_cur_freq:3700037
/sys/devices/system/cpu/cpu8/cpufreq/scaling_cur_freq:3699962
/sys/devices/system/cpu/cpu9/cpufreq/scaling_cur_freq:3700000
### 2026-05-26T17:19:07+08:00 sensors
iwlwifi_1-virtual-0
Adapter: Virtual device
temp1:        +41.0 C  

spd5118-i2c-5-52
Adapter: SMBus I801 adapter at 0000:00:1f.4
temp1:        +37.5 C  (low  =  +0.0 C, high = +55.0 C)
                       (crit low =  +0.0 C, crit = +85.0 C)

nvme-pci-0200
Adapter: PCI adapter
Composite:    +40.9 C  (low  = -273.1 C, high = +75.8 C)
                       (crit = +86.8 C)
Sensor 1:     +40.9 C  (low  = -273.1 C, high = +65261.8 C)
Sensor 2:     +51.9 C  (low  = -273.1 C, high = +65261.8 C)

coretemp-isa-0000
Adapter: ISA adapter
Package id 0:  +83.0 C  (high = +100.0 C, crit = +100.0 C)
Core 0:        +70.0 C  (high = +100.0 C, crit = +100.0 C)
Core 4:        +77.0 C  (high = +100.0 C, crit = +100.0 C)
Core 8:        +71.0 C  (high = +100.0 C, crit = +100.0 C)
Core 12:       +83.0 C  (high = +100.0 C, crit = +100.0 C)
Core 16:       +73.0 C  (high = +100.0 C, crit = +100.0 C)
Core 20:       +85.0 C  (high = +100.0 C, crit = +100.0 C)
Core 24:       +71.0 C  (high = +100.0 C, crit = +100.0 C)
Core 28:       +81.0 C  (high = +100.0 C, crit = +100.0 C)
Core 32:       +71.0 C  (high = +100.0 C, crit = +100.0 C)
Core 33:       +70.0 C  (high = +100.0 C, crit = +100.0 C)
Core 34:       +70.0 C  (high = +100.0 C, crit = +100.0 C)
Core 35:       +72.0 C  (high = +100.0 C, crit = +100.0 C)
Core 36:       +80.0 C  (high = +100.0 C, crit = +100.0 C)
Core 37:       +81.0 C  (high = +100.0 C, crit = +100.0 C)
Core 38:       +80.0 C  (high = +100.0 C, crit = +100.0 C)
Core 39:       +80.0 C  (high = +100.0 C, crit = +100.0 C)
Core 40:       +72.0 C  (high = +100.0 C, crit = +100.0 C)
Core 41:       +72.0 C  (high = +100.0 C, crit = +100.0 C)
Core 42:       +72.0 C  (high = +100.0 C, crit = +100.0 C)
Core 43:       +72.0 C  (high = +100.0 C, crit = +100.0 C)
Core 44:       +77.0 C  (high = +100.0 C, crit = +100.0 C)
Core 45:       +78.0 C  (high = +100.0 C, crit = +100.0 C)
Core 46:       +77.0 C  (high = +100.0 C, crit = +100.0 C)
Core 47:       +77.0 C  (high = +100.0 C, crit = +100.0 C)

spd5118-i2c-5-50
Adapter: SMBus I801 adapter at 0000:00:1f.4
temp1:        +40.8 C  (low  =  +0.0 C, high = +55.0 C)
                       (crit low =  +0.0 C, crit = +85.0 C)

BAT0-acpi-0
Adapter: ACPI interface
in0:          16.38 V  
power1:        0.00 W  

### 2026-05-26T17:19:08+08:00 nvidia
2026/05/26 17:19:08.113, NVIDIA GeForce RTX 4060 Laptop GPU, GPU-5011cbcd-7033-6444-66e7-e485ade01645, P5, 48, 7.85, [N/A], 600, 810, 36, 31, 691
### 2026-05-26T17:19:08+08:00 cpu_frequency
/sys/devices/system/cpu/cpu0/cpufreq/scaling_cur_freq:3699962
/sys/devices/system/cpu/cpu1/cpufreq/scaling_cur_freq:3700037
/sys/devices/system/cpu/cpu10/cpufreq/scaling_cur_freq:3700000
/sys/devices/system/cpu/cpu11/cpufreq/scaling_cur_freq:3700037
/sys/devices/system/cpu/cpu12/cpufreq/scaling_cur_freq:3700037
/sys/devices/system/cpu/cpu13/cpufreq/scaling_cur_freq:3700037
/sys/devices/system/cpu/cpu14/cpufreq/scaling_cur_freq:3699962
/sys/devices/system/cpu/cpu15/cpufreq/scaling_cur_freq:3700037
/sys/devices/system/cpu/cpu16/cpufreq/scaling_cur_freq:3099946
/sys/devices/system/cpu/cpu17/cpufreq/scaling_cur_freq:3100065
/sys/devices/system/cpu/cpu18/cpufreq/scaling_cur_freq:3099914
/sys/devices/system/cpu/cpu19/cpufreq/scaling_cur_freq:3099929
/sys/devices/system/cpu/cpu2/cpufreq/scaling_cur_freq:3700000
/sys/devices/system/cpu/cpu20/cpufreq/scaling_cur_freq:3100039
/sys/devices/system/cpu/cpu21/cpufreq/scaling_cur_freq:3100004
/sys/devices/system/cpu/cpu22/cpufreq/scaling_cur_freq:3099980
/sys/devices/system/cpu/cpu23/cpufreq/scaling_cur_freq:3100070
/sys/devices/system/cpu/cpu24/cpufreq/scaling_cur_freq:3099960
/sys/devices/system/cpu/cpu25/cpufreq/scaling_cur_freq:3099992
/sys/devices/system/cpu/cpu26/cpufreq/scaling_cur_freq:3100041
/sys/devices/system/cpu/cpu27/cpufreq/scaling_cur_freq:3099982
/sys/devices/system/cpu/cpu28/cpufreq/scaling_cur_freq:3099995
/sys/devices/system/cpu/cpu29/cpufreq/scaling_cur_freq:3100017
/sys/devices/system/cpu/cpu3/cpufreq/scaling_cur_freq:3700000
/sys/devices/system/cpu/cpu30/cpufreq/scaling_cur_freq:3100025
/sys/devices/system/cpu/cpu31/cpufreq/scaling_cur_freq:3100063
/sys/devices/system/cpu/cpu4/cpufreq/scaling_cur_freq:3700000
/sys/devices/system/cpu/cpu5/cpufreq/scaling_cur_freq:3700000
/sys/devices/system/cpu/cpu6/cpufreq/scaling_cur_freq:3700000
/sys/devices/system/cpu/cpu7/cpufreq/scaling_cur_freq:3699962
/sys/devices/system/cpu/cpu8/cpufreq/scaling_cur_freq:3679543
/sys/devices/system/cpu/cpu9/cpufreq/scaling_cur_freq:3679536
### 2026-05-26T17:19:13+08:00 sensors
iwlwifi_1-virtual-0
Adapter: Virtual device
temp1:        +40.0 C  

spd5118-i2c-5-52
Adapter: SMBus I801 adapter at 0000:00:1f.4
temp1:        +37.8 C  (low  =  +0.0 C, high = +55.0 C)
                       (crit low =  +0.0 C, crit = +85.0 C)

nvme-pci-0200
Adapter: PCI adapter
Composite:    +41.9 C  (low  = -273.1 C, high = +75.8 C)
                       (crit = +86.8 C)
Sensor 1:     +41.9 C  (low  = -273.1 C, high = +65261.8 C)
Sensor 2:     +52.9 C  (low  = -273.1 C, high = +65261.8 C)

coretemp-isa-0000
Adapter: ISA adapter
Package id 0:  +82.0 C  (high = +100.0 C, crit = +100.0 C)
Core 0:        +68.0 C  (high = +100.0 C, crit = +100.0 C)
Core 4:        +78.0 C  (high = +100.0 C, crit = +100.0 C)
Core 8:        +71.0 C  (high = +100.0 C, crit = +100.0 C)
Core 12:       +83.0 C  (high = +100.0 C, crit = +100.0 C)
Core 16:       +73.0 C  (high = +100.0 C, crit = +100.0 C)
Core 20:       +85.0 C  (high = +100.0 C, crit = +100.0 C)
Core 24:       +71.0 C  (high = +100.0 C, crit = +100.0 C)
Core 28:       +81.0 C  (high = +100.0 C, crit = +100.0 C)
Core 32:       +70.0 C  (high = +100.0 C, crit = +100.0 C)
Core 33:       +70.0 C  (high = +100.0 C, crit = +100.0 C)
Core 34:       +70.0 C  (high = +100.0 C, crit = +100.0 C)
Core 35:       +72.0 C  (high = +100.0 C, crit = +100.0 C)
Core 36:       +78.0 C  (high = +100.0 C, crit = +100.0 C)
Core 37:       +80.0 C  (high = +100.0 C, crit = +100.0 C)
Core 38:       +78.0 C  (high = +100.0 C, crit = +100.0 C)
Core 39:       +80.0 C  (high = +100.0 C, crit = +100.0 C)
Core 40:       +72.0 C  (high = +100.0 C, crit = +100.0 C)
Core 41:       +72.0 C  (high = +100.0 C, crit = +100.0 C)
Core 42:       +72.0 C  (high = +100.0 C, crit = +100.0 C)
Core 43:       +71.0 C  (high = +100.0 C, crit = +100.0 C)
Core 44:       +77.0 C  (high = +100.0 C, crit = +100.0 C)
Core 45:       +77.0 C  (high = +100.0 C, crit = +100.0 C)
Core 46:       +77.0 C  (high = +100.0 C, crit = +100.0 C)
Core 47:       +77.0 C  (high = +100.0 C, crit = +100.0 C)

spd5118-i2c-5-50
Adapter: SMBus I801 adapter at 0000:00:1f.4
temp1:        +41.0 C  (low  =  +0.0 C, high = +55.0 C)
                       (crit low =  +0.0 C, crit = +85.0 C)

BAT0-acpi-0
Adapter: ACPI interface
in0:          16.38 V  
power1:        0.00 W  

### 2026-05-26T17:19:13+08:00 nvidia
2026/05/26 17:19:13.362, NVIDIA GeForce RTX 4060 Laptop GPU, GPU-5011cbcd-7033-6444-66e7-e485ade01645, P5, 48, 7.90, [N/A], 630, 810, 30, 28, 691
### 2026-05-26T17:19:13+08:00 cpu_frequency
/sys/devices/system/cpu/cpu0/cpufreq/scaling_cur_freq:3700000
/sys/devices/system/cpu/cpu1/cpufreq/scaling_cur_freq:3700000
/sys/devices/system/cpu/cpu10/cpufreq/scaling_cur_freq:3700037
/sys/devices/system/cpu/cpu11/cpufreq/scaling_cur_freq:3700000
/sys/devices/system/cpu/cpu12/cpufreq/scaling_cur_freq:3700000
/sys/devices/system/cpu/cpu13/cpufreq/scaling_cur_freq:3700000
/sys/devices/system/cpu/cpu14/cpufreq/scaling_cur_freq:3700000
/sys/devices/system/cpu/cpu15/cpufreq/scaling_cur_freq:3700000
/sys/devices/system/cpu/cpu16/cpufreq/scaling_cur_freq:3099885
/sys/devices/system/cpu/cpu17/cpufreq/scaling_cur_freq:3099963
/sys/devices/system/cpu/cpu18/cpufreq/scaling_cur_freq:3099816
/sys/devices/system/cpu/cpu19/cpufreq/scaling_cur_freq:3099890
/sys/devices/system/cpu/cpu2/cpufreq/scaling_cur_freq:3662220
/sys/devices/system/cpu/cpu20/cpufreq/scaling_cur_freq:3099860
/sys/devices/system/cpu/cpu21/cpufreq/scaling_cur_freq:3099916
/sys/devices/system/cpu/cpu22/cpufreq/scaling_cur_freq:3099958
/sys/devices/system/cpu/cpu23/cpufreq/scaling_cur_freq:3099912
/sys/devices/system/cpu/cpu24/cpufreq/scaling_cur_freq:3099947
/sys/devices/system/cpu/cpu25/cpufreq/scaling_cur_freq:3099936
/sys/devices/system/cpu/cpu26/cpufreq/scaling_cur_freq:3099975
/sys/devices/system/cpu/cpu27/cpufreq/scaling_cur_freq:3099926
/sys/devices/system/cpu/cpu28/cpufreq/scaling_cur_freq:3099881
/sys/devices/system/cpu/cpu29/cpufreq/scaling_cur_freq:3099892
/sys/devices/system/cpu/cpu3/cpufreq/scaling_cur_freq:3662278
/sys/devices/system/cpu/cpu30/cpufreq/scaling_cur_freq:3099839
/sys/devices/system/cpu/cpu31/cpufreq/scaling_cur_freq:3099895
/sys/devices/system/cpu/cpu4/cpufreq/scaling_cur_freq:3620698
/sys/devices/system/cpu/cpu5/cpufreq/scaling_cur_freq:3620659
/sys/devices/system/cpu/cpu6/cpufreq/scaling_cur_freq:3700000
/sys/devices/system/cpu/cpu7/cpufreq/scaling_cur_freq:3700000
/sys/devices/system/cpu/cpu8/cpufreq/scaling_cur_freq:3700000
/sys/devices/system/cpu/cpu9/cpufreq/scaling_cur_freq:3700000
### 2026-05-26T17:19:18+08:00 sensors
iwlwifi_1-virtual-0
Adapter: Virtual device
temp1:        +41.0 C  

spd5118-i2c-5-52
Adapter: SMBus I801 adapter at 0000:00:1f.4
temp1:        +38.0 C  (low  =  +0.0 C, high = +55.0 C)
                       (crit low =  +0.0 C, crit = +85.0 C)

nvme-pci-0200
Adapter: PCI adapter
Composite:    +41.9 C  (low  = -273.1 C, high = +75.8 C)
                       (crit = +86.8 C)
Sensor 1:     +41.9 C  (low  = -273.1 C, high = +65261.8 C)
Sensor 2:     +53.9 C  (low  = -273.1 C, high = +65261.8 C)

coretemp-isa-0000
Adapter: ISA adapter
Package id 0:  +83.0 C  (high = +100.0 C, crit = +100.0 C)
Core 0:        +68.0 C  (high = +100.0 C, crit = +100.0 C)
Core 4:        +79.0 C  (high = +100.0 C, crit = +100.0 C)
Core 8:        +71.0 C  (high = +100.0 C, crit = +100.0 C)
Core 12:       +83.0 C  (high = +100.0 C, crit = +100.0 C)
Core 16:       +73.0 C  (high = +100.0 C, crit = +100.0 C)
Core 20:       +83.0 C  (high = +100.0 C, crit = +100.0 C)
Core 24:       +72.0 C  (high = +100.0 C, crit = +100.0 C)
Core 28:       +80.0 C  (high = +100.0 C, crit = +100.0 C)
Core 32:       +70.0 C  (high = +100.0 C, crit = +100.0 C)
Core 33:       +70.0 C  (high = +100.0 C, crit = +100.0 C)
Core 34:       +70.0 C  (high = +100.0 C, crit = +100.0 C)
Core 35:       +70.0 C  (high = +100.0 C, crit = +100.0 C)
Core 36:       +80.0 C  (high = +100.0 C, crit = +100.0 C)
Core 37:       +80.0 C  (high = +100.0 C, crit = +100.0 C)
Core 38:       +80.0 C  (high = +100.0 C, crit = +100.0 C)
Core 39:       +80.0 C  (high = +100.0 C, crit = +100.0 C)
Core 40:       +72.0 C  (high = +100.0 C, crit = +100.0 C)
Core 41:       +72.0 C  (high = +100.0 C, crit = +100.0 C)
Core 42:       +72.0 C  (high = +100.0 C, crit = +100.0 C)
Core 43:       +72.0 C  (high = +100.0 C, crit = +100.0 C)
Core 44:       +77.0 C  (high = +100.0 C, crit = +100.0 C)
Core 45:       +77.0 C  (high = +100.0 C, crit = +100.0 C)
Core 46:       +77.0 C  (high = +100.0 C, crit = +100.0 C)
Core 47:       +77.0 C  (high = +100.0 C, crit = +100.0 C)

spd5118-i2c-5-50
Adapter: SMBus I801 adapter at 0000:00:1f.4
temp1:        +41.2 C  (low  =  +0.0 C, high = +55.0 C)
                       (crit low =  +0.0 C, crit = +85.0 C)

BAT0-acpi-0
Adapter: ACPI interface
in0:          16.38 V  
power1:        0.00 W  

### 2026-05-26T17:19:18+08:00 nvidia
2026/05/26 17:19:18.526, NVIDIA GeForce RTX 4060 Laptop GPU, GPU-5011cbcd-7033-6444-66e7-e485ade01645, P5, 48, 7.22, [N/A], 540, 810, 39, 35, 695
### 2026-05-26T17:19:18+08:00 cpu_frequency
/sys/devices/system/cpu/cpu0/cpufreq/scaling_cur_freq:3700000
/sys/devices/system/cpu/cpu1/cpufreq/scaling_cur_freq:3700000
/sys/devices/system/cpu/cpu10/cpufreq/scaling_cur_freq:3699962
/sys/devices/system/cpu/cpu11/cpufreq/scaling_cur_freq:3699962
/sys/devices/system/cpu/cpu12/cpufreq/scaling_cur_freq:3700000
/sys/devices/system/cpu/cpu13/cpufreq/scaling_cur_freq:3700000
/sys/devices/system/cpu/cpu14/cpufreq/scaling_cur_freq:3700000
/sys/devices/system/cpu/cpu15/cpufreq/scaling_cur_freq:3700037
/sys/devices/system/cpu/cpu16/cpufreq/scaling_cur_freq:3099969
/sys/devices/system/cpu/cpu17/cpufreq/scaling_cur_freq:3099920
/sys/devices/system/cpu/cpu18/cpufreq/scaling_cur_freq:3099979
/sys/devices/system/cpu/cpu19/cpufreq/scaling_cur_freq:3100003
/sys/devices/system/cpu/cpu2/cpufreq/scaling_cur_freq:3700000
/sys/devices/system/cpu/cpu20/cpufreq/scaling_cur_freq:3100063
/sys/devices/system/cpu/cpu21/cpufreq/scaling_cur_freq:3099978
/sys/devices/system/cpu/cpu22/cpufreq/scaling_cur_freq:3099962
/sys/devices/system/cpu/cpu23/cpufreq/scaling_cur_freq:3100089
/sys/devices/system/cpu/cpu24/cpufreq/scaling_cur_freq:3100015
/sys/devices/system/cpu/cpu25/cpufreq/scaling_cur_freq:3099919
/sys/devices/system/cpu/cpu26/cpufreq/scaling_cur_freq:3100018
/sys/devices/system/cpu/cpu27/cpufreq/scaling_cur_freq:3099979
/sys/devices/system/cpu/cpu28/cpufreq/scaling_cur_freq:3099890
/sys/devices/system/cpu/cpu29/cpufreq/scaling_cur_freq:3099996
/sys/devices/system/cpu/cpu3/cpufreq/scaling_cur_freq:3699962
/sys/devices/system/cpu/cpu30/cpufreq/scaling_cur_freq:3099946
/sys/devices/system/cpu/cpu31/cpufreq/scaling_cur_freq:3099960
/sys/devices/system/cpu/cpu4/cpufreq/scaling_cur_freq:3700000
/sys/devices/system/cpu/cpu5/cpufreq/scaling_cur_freq:3700000
/sys/devices/system/cpu/cpu6/cpufreq/scaling_cur_freq:3700000
/sys/devices/system/cpu/cpu7/cpufreq/scaling_cur_freq:3700000
/sys/devices/system/cpu/cpu8/cpufreq/scaling_cur_freq:3700000
/sys/devices/system/cpu/cpu9/cpufreq/scaling_cur_freq:3700037
### 2026-05-26T17:19:23+08:00 sensors
iwlwifi_1-virtual-0
Adapter: Virtual device
temp1:        +40.0 C  

spd5118-i2c-5-52
Adapter: SMBus I801 adapter at 0000:00:1f.4
temp1:        +38.2 C  (low  =  +0.0 C, high = +55.0 C)
                       (crit low =  +0.0 C, crit = +85.0 C)

nvme-pci-0200
Adapter: PCI adapter
Composite:    +41.9 C  (low  = -273.1 C, high = +75.8 C)
                       (crit = +86.8 C)
Sensor 1:     +41.9 C  (low  = -273.1 C, high = +65261.8 C)
Sensor 2:     +54.9 C  (low  = -273.1 C, high = +65261.8 C)

coretemp-isa-0000
Adapter: ISA adapter
Package id 0:  +85.0 C  (high = +100.0 C, crit = +100.0 C)
Core 0:        +70.0 C  (high = +100.0 C, crit = +100.0 C)
Core 4:        +79.0 C  (high = +100.0 C, crit = +100.0 C)
Core 8:        +71.0 C  (high = +100.0 C, crit = +100.0 C)
Core 12:       +83.0 C  (high = +100.0 C, crit = +100.0 C)
Core 16:       +74.0 C  (high = +100.0 C, crit = +100.0 C)
Core 20:       +83.0 C  (high = +100.0 C, crit = +100.0 C)
Core 24:       +72.0 C  (high = +100.0 C, crit = +100.0 C)
Core 28:       +81.0 C  (high = +100.0 C, crit = +100.0 C)
Core 32:       +71.0 C  (high = +100.0 C, crit = +100.0 C)
Core 33:       +71.0 C  (high = +100.0 C, crit = +100.0 C)
Core 34:       +71.0 C  (high = +100.0 C, crit = +100.0 C)
Core 35:       +71.0 C  (high = +100.0 C, crit = +100.0 C)
Core 36:       +80.0 C  (high = +100.0 C, crit = +100.0 C)
Core 37:       +80.0 C  (high = +100.0 C, crit = +100.0 C)
Core 38:       +80.0 C  (high = +100.0 C, crit = +100.0 C)
Core 39:       +80.0 C  (high = +100.0 C, crit = +100.0 C)
Core 40:       +73.0 C  (high = +100.0 C, crit = +100.0 C)
Core 41:       +73.0 C  (high = +100.0 C, crit = +100.0 C)
Core 42:       +73.0 C  (high = +100.0 C, crit = +100.0 C)
Core 43:       +73.0 C  (high = +100.0 C, crit = +100.0 C)
Core 44:       +79.0 C  (high = +100.0 C, crit = +100.0 C)
Core 45:       +79.0 C  (high = +100.0 C, crit = +100.0 C)
Core 46:       +79.0 C  (high = +100.0 C, crit = +100.0 C)
Core 47:       +79.0 C  (high = +100.0 C, crit = +100.0 C)

spd5118-i2c-5-50
Adapter: SMBus I801 adapter at 0000:00:1f.4
temp1:        +41.5 C  (low  =  +0.0 C, high = +55.0 C)
                       (crit low =  +0.0 C, crit = +85.0 C)

BAT0-acpi-0
Adapter: ACPI interface
in0:          16.38 V  
power1:        0.00 W  

### 2026-05-26T17:19:23+08:00 nvidia
2026/05/26 17:19:23.696, NVIDIA GeForce RTX 4060 Laptop GPU, GPU-5011cbcd-7033-6444-66e7-e485ade01645, P4, 48, 7.78, [N/A], 270, 6001, 23, 3, 695
### 2026-05-26T17:19:23+08:00 cpu_frequency
/sys/devices/system/cpu/cpu0/cpufreq/scaling_cur_freq:3504014
/sys/devices/system/cpu/cpu1/cpufreq/scaling_cur_freq:3504017
/sys/devices/system/cpu/cpu10/cpufreq/scaling_cur_freq:3680807
/sys/devices/system/cpu/cpu11/cpufreq/scaling_cur_freq:3680878
/sys/devices/system/cpu/cpu12/cpufreq/scaling_cur_freq:3680905
/sys/devices/system/cpu/cpu13/cpufreq/scaling_cur_freq:3680672
/sys/devices/system/cpu/cpu14/cpufreq/scaling_cur_freq:3680932
/sys/devices/system/cpu/cpu15/cpufreq/scaling_cur_freq:3680899
/sys/devices/system/cpu/cpu16/cpufreq/scaling_cur_freq:3085132
/sys/devices/system/cpu/cpu17/cpufreq/scaling_cur_freq:3085186
/sys/devices/system/cpu/cpu18/cpufreq/scaling_cur_freq:3085136
/sys/devices/system/cpu/cpu19/cpufreq/scaling_cur_freq:3085134
/sys/devices/system/cpu/cpu2/cpufreq/scaling_cur_freq:3680685
/sys/devices/system/cpu/cpu20/cpufreq/scaling_cur_freq:3084917
/sys/devices/system/cpu/cpu21/cpufreq/scaling_cur_freq:3084875
/sys/devices/system/cpu/cpu22/cpufreq/scaling_cur_freq:3084782
/sys/devices/system/cpu/cpu23/cpufreq/scaling_cur_freq:3084814
/sys/devices/system/cpu/cpu24/cpufreq/scaling_cur_freq:3085125
/sys/devices/system/cpu/cpu25/cpufreq/scaling_cur_freq:3085046
/sys/devices/system/cpu/cpu26/cpufreq/scaling_cur_freq:3085207
/sys/devices/system/cpu/cpu27/cpufreq/scaling_cur_freq:3085092
/sys/devices/system/cpu/cpu28/cpufreq/scaling_cur_freq:3085021
/sys/devices/system/cpu/cpu29/cpufreq/scaling_cur_freq:3085113
/sys/devices/system/cpu/cpu3/cpufreq/scaling_cur_freq:3680722
/sys/devices/system/cpu/cpu30/cpufreq/scaling_cur_freq:3085182
/sys/devices/system/cpu/cpu31/cpufreq/scaling_cur_freq:3085177
/sys/devices/system/cpu/cpu4/cpufreq/scaling_cur_freq:3680729
/sys/devices/system/cpu/cpu5/cpufreq/scaling_cur_freq:3680731
/sys/devices/system/cpu/cpu6/cpufreq/scaling_cur_freq:3680694
/sys/devices/system/cpu/cpu7/cpufreq/scaling_cur_freq:3680731
/sys/devices/system/cpu/cpu8/cpufreq/scaling_cur_freq:3680841
/sys/devices/system/cpu/cpu9/cpufreq/scaling_cur_freq:3680844
### 2026-05-26T17:19:28+08:00 sensors
iwlwifi_1-virtual-0
Adapter: Virtual device
temp1:        +43.0 C  

spd5118-i2c-5-52
Adapter: SMBus I801 adapter at 0000:00:1f.4
temp1:        +38.2 C  (low  =  +0.0 C, high = +55.0 C)
                       (crit low =  +0.0 C, crit = +85.0 C)

nvme-pci-0200
Adapter: PCI adapter
Composite:    +42.9 C  (low  = -273.1 C, high = +75.8 C)
                       (crit = +86.8 C)
Sensor 1:     +42.9 C  (low  = -273.1 C, high = +65261.8 C)
Sensor 2:     +54.9 C  (low  = -273.1 C, high = +65261.8 C)

coretemp-isa-0000
Adapter: ISA adapter
Package id 0:  +83.0 C  (high = +100.0 C, crit = +100.0 C)
Core 0:        +68.0 C  (high = +100.0 C, crit = +100.0 C)
Core 4:        +78.0 C  (high = +100.0 C, crit = +100.0 C)
Core 8:        +71.0 C  (high = +100.0 C, crit = +100.0 C)
Core 12:       +81.0 C  (high = +100.0 C, crit = +100.0 C)
Core 16:       +73.0 C  (high = +100.0 C, crit = +100.0 C)
Core 20:       +83.0 C  (high = +100.0 C, crit = +100.0 C)
Core 24:       +72.0 C  (high = +100.0 C, crit = +100.0 C)
Core 28:       +80.0 C  (high = +100.0 C, crit = +100.0 C)
Core 32:       +69.0 C  (high = +100.0 C, crit = +100.0 C)
Core 33:       +70.0 C  (high = +100.0 C, crit = +100.0 C)
Core 34:       +70.0 C  (high = +100.0 C, crit = +100.0 C)
Core 35:       +72.0 C  (high = +100.0 C, crit = +100.0 C)
Core 36:       +80.0 C  (high = +100.0 C, crit = +100.0 C)
Core 37:       +80.0 C  (high = +100.0 C, crit = +100.0 C)
Core 38:       +80.0 C  (high = +100.0 C, crit = +100.0 C)
Core 39:       +80.0 C  (high = +100.0 C, crit = +100.0 C)
Core 40:       +72.0 C  (high = +100.0 C, crit = +100.0 C)
Core 41:       +72.0 C  (high = +100.0 C, crit = +100.0 C)
Core 42:       +72.0 C  (high = +100.0 C, crit = +100.0 C)
Core 43:       +72.0 C  (high = +100.0 C, crit = +100.0 C)
Core 44:       +76.0 C  (high = +100.0 C, crit = +100.0 C)
Core 45:       +77.0 C  (high = +100.0 C, crit = +100.0 C)
Core 46:       +77.0 C  (high = +100.0 C, crit = +100.0 C)
Core 47:       +77.0 C  (high = +100.0 C, crit = +100.0 C)

spd5118-i2c-5-50
Adapter: SMBus I801 adapter at 0000:00:1f.4
temp1:        +41.8 C  (low  =  +0.0 C, high = +55.0 C)
                       (crit low =  +0.0 C, crit = +85.0 C)

BAT0-acpi-0
Adapter: ACPI interface
in0:          16.38 V  
power1:        0.00 W  

### 2026-05-26T17:19:28+08:00 nvidia
2026/05/26 17:19:28.880, NVIDIA GeForce RTX 4060 Laptop GPU, GPU-5011cbcd-7033-6444-66e7-e485ade01645, P0, 48, 13.21, [N/A], 1440, 8001, 10, 4, 695
### 2026-05-26T17:19:28+08:00 cpu_frequency
/sys/devices/system/cpu/cpu0/cpufreq/scaling_cur_freq:3600000
/sys/devices/system/cpu/cpu1/cpufreq/scaling_cur_freq:3600000
/sys/devices/system/cpu/cpu10/cpufreq/scaling_cur_freq:3600000
/sys/devices/system/cpu/cpu11/cpufreq/scaling_cur_freq:3600000
/sys/devices/system/cpu/cpu12/cpufreq/scaling_cur_freq:3600036
/sys/devices/system/cpu/cpu13/cpufreq/scaling_cur_freq:3599927
/sys/devices/system/cpu/cpu14/cpufreq/scaling_cur_freq:3549120
/sys/devices/system/cpu/cpu15/cpufreq/scaling_cur_freq:3549137
/sys/devices/system/cpu/cpu16/cpufreq/scaling_cur_freq:3000046
/sys/devices/system/cpu/cpu17/cpufreq/scaling_cur_freq:3000003
/sys/devices/system/cpu/cpu18/cpufreq/scaling_cur_freq:3000075
/sys/devices/system/cpu/cpu19/cpufreq/scaling_cur_freq:3000003
/sys/devices/system/cpu/cpu2/cpufreq/scaling_cur_freq:3600036
/sys/devices/system/cpu/cpu20/cpufreq/scaling_cur_freq:2999996
/sys/devices/system/cpu/cpu21/cpufreq/scaling_cur_freq:2999906
/sys/devices/system/cpu/cpu22/cpufreq/scaling_cur_freq:2999921
/sys/devices/system/cpu/cpu23/cpufreq/scaling_cur_freq:3000115
/sys/devices/system/cpu/cpu24/cpufreq/scaling_cur_freq:2999913
/sys/devices/system/cpu/cpu25/cpufreq/scaling_cur_freq:2999937
/sys/devices/system/cpu/cpu26/cpufreq/scaling_cur_freq:2999910
/sys/devices/system/cpu/cpu27/cpufreq/scaling_cur_freq:3000040
/sys/devices/system/cpu/cpu28/cpufreq/scaling_cur_freq:2999964
/sys/devices/system/cpu/cpu29/cpufreq/scaling_cur_freq:2999962
/sys/devices/system/cpu/cpu3/cpufreq/scaling_cur_freq:3600000
/sys/devices/system/cpu/cpu30/cpufreq/scaling_cur_freq:3000009
/sys/devices/system/cpu/cpu31/cpufreq/scaling_cur_freq:2999986
/sys/devices/system/cpu/cpu4/cpufreq/scaling_cur_freq:3599963
/sys/devices/system/cpu/cpu5/cpufreq/scaling_cur_freq:3600000
/sys/devices/system/cpu/cpu6/cpufreq/scaling_cur_freq:3599963
/sys/devices/system/cpu/cpu7/cpufreq/scaling_cur_freq:3600000
/sys/devices/system/cpu/cpu8/cpufreq/scaling_cur_freq:3555267
/sys/devices/system/cpu/cpu9/cpufreq/scaling_cur_freq:3555348
### 2026-05-26T17:19:33+08:00 sensors
iwlwifi_1-virtual-0
Adapter: Virtual device
temp1:        +43.0 C  

spd5118-i2c-5-52
Adapter: SMBus I801 adapter at 0000:00:1f.4
temp1:        +38.5 C  (low  =  +0.0 C, high = +55.0 C)
                       (crit low =  +0.0 C, crit = +85.0 C)

nvme-pci-0200
Adapter: PCI adapter
Composite:    +42.9 C  (low  = -273.1 C, high = +75.8 C)
                       (crit = +86.8 C)
Sensor 1:     +42.9 C  (low  = -273.1 C, high = +65261.8 C)
Sensor 2:     +55.9 C  (low  = -273.1 C, high = +65261.8 C)

coretemp-isa-0000
Adapter: ISA adapter
Package id 0:  +85.0 C  (high = +100.0 C, crit = +100.0 C)
Core 0:        +68.0 C  (high = +100.0 C, crit = +100.0 C)
Core 4:        +78.0 C  (high = +100.0 C, crit = +100.0 C)
Core 8:        +71.0 C  (high = +100.0 C, crit = +100.0 C)
Core 12:       +84.0 C  (high = +100.0 C, crit = +100.0 C)
Core 16:       +73.0 C  (high = +100.0 C, crit = +100.0 C)
Core 20:       +85.0 C  (high = +100.0 C, crit = +100.0 C)
Core 24:       +71.0 C  (high = +100.0 C, crit = +100.0 C)
Core 28:       +81.0 C  (high = +100.0 C, crit = +100.0 C)
Core 32:       +72.0 C  (high = +100.0 C, crit = +100.0 C)
Core 33:       +72.0 C  (high = +100.0 C, crit = +100.0 C)
Core 34:       +72.0 C  (high = +100.0 C, crit = +100.0 C)
Core 35:       +72.0 C  (high = +100.0 C, crit = +100.0 C)
Core 36:       +80.0 C  (high = +100.0 C, crit = +100.0 C)
Core 37:       +80.0 C  (high = +100.0 C, crit = +100.0 C)
Core 38:       +80.0 C  (high = +100.0 C, crit = +100.0 C)
Core 39:       +80.0 C  (high = +100.0 C, crit = +100.0 C)
Core 40:       +73.0 C  (high = +100.0 C, crit = +100.0 C)
Core 41:       +72.0 C  (high = +100.0 C, crit = +100.0 C)
Core 42:       +72.0 C  (high = +100.0 C, crit = +100.0 C)
Core 43:       +72.0 C  (high = +100.0 C, crit = +100.0 C)
Core 44:       +77.0 C  (high = +100.0 C, crit = +100.0 C)
Core 45:       +77.0 C  (high = +100.0 C, crit = +100.0 C)
Core 46:       +77.0 C  (high = +100.0 C, crit = +100.0 C)
Core 47:       +77.0 C  (high = +100.0 C, crit = +100.0 C)

spd5118-i2c-5-50
Adapter: SMBus I801 adapter at 0000:00:1f.4
temp1:        +42.0 C  (low  =  +0.0 C, high = +55.0 C)
                       (crit low =  +0.0 C, crit = +85.0 C)

BAT0-acpi-0
Adapter: ACPI interface
in0:          16.38 V  
power1:        0.00 W  

### 2026-05-26T17:19:33+08:00 nvidia
2026/05/26 17:19:34.014, NVIDIA GeForce RTX 4060 Laptop GPU, GPU-5011cbcd-7033-6444-66e7-e485ade01645, P5, 48, 9.77, [N/A], 405, 810, 33, 4, 695
### 2026-05-26T17:19:34+08:00 cpu_frequency
/sys/devices/system/cpu/cpu0/cpufreq/scaling_cur_freq:3597581
/sys/devices/system/cpu/cpu1/cpufreq/scaling_cur_freq:3597727
/sys/devices/system/cpu/cpu10/cpufreq/scaling_cur_freq:3700000
/sys/devices/system/cpu/cpu11/cpufreq/scaling_cur_freq:3700000
/sys/devices/system/cpu/cpu12/cpufreq/scaling_cur_freq:3557872
/sys/devices/system/cpu/cpu13/cpufreq/scaling_cur_freq:3557811
/sys/devices/system/cpu/cpu14/cpufreq/scaling_cur_freq:3699962
/sys/devices/system/cpu/cpu15/cpufreq/scaling_cur_freq:3700000
/sys/devices/system/cpu/cpu16/cpufreq/scaling_cur_freq:3100006
/sys/devices/system/cpu/cpu17/cpufreq/scaling_cur_freq:3099952
/sys/devices/system/cpu/cpu18/cpufreq/scaling_cur_freq:3099895
/sys/devices/system/cpu/cpu19/cpufreq/scaling_cur_freq:3100093
/sys/devices/system/cpu/cpu2/cpufreq/scaling_cur_freq:3700000
/sys/devices/system/cpu/cpu20/cpufreq/scaling_cur_freq:3100019
/sys/devices/system/cpu/cpu21/cpufreq/scaling_cur_freq:3100020
/sys/devices/system/cpu/cpu22/cpufreq/scaling_cur_freq:3100005
/sys/devices/system/cpu/cpu23/cpufreq/scaling_cur_freq:3100037
/sys/devices/system/cpu/cpu24/cpufreq/scaling_cur_freq:3099991
/sys/devices/system/cpu/cpu25/cpufreq/scaling_cur_freq:3100077
/sys/devices/system/cpu/cpu26/cpufreq/scaling_cur_freq:3100047
/sys/devices/system/cpu/cpu27/cpufreq/scaling_cur_freq:3099920
/sys/devices/system/cpu/cpu28/cpufreq/scaling_cur_freq:3099979
/sys/devices/system/cpu/cpu29/cpufreq/scaling_cur_freq:3099978
/sys/devices/system/cpu/cpu3/cpufreq/scaling_cur_freq:3700037
/sys/devices/system/cpu/cpu30/cpufreq/scaling_cur_freq:3100061
/sys/devices/system/cpu/cpu31/cpufreq/scaling_cur_freq:3099900
/sys/devices/system/cpu/cpu4/cpufreq/scaling_cur_freq:3700000
/sys/devices/system/cpu/cpu5/cpufreq/scaling_cur_freq:3700037
/sys/devices/system/cpu/cpu6/cpufreq/scaling_cur_freq:3700000
/sys/devices/system/cpu/cpu7/cpufreq/scaling_cur_freq:3699962
/sys/devices/system/cpu/cpu8/cpufreq/scaling_cur_freq:3700037
/sys/devices/system/cpu/cpu9/cpufreq/scaling_cur_freq:3699962
### 2026-05-26T17:19:39+08:00 sensors
iwlwifi_1-virtual-0
Adapter: Virtual device
temp1:        +43.0 C  

spd5118-i2c-5-52
Adapter: SMBus I801 adapter at 0000:00:1f.4
temp1:        +38.8 C  (low  =  +0.0 C, high = +55.0 C)
                       (crit low =  +0.0 C, crit = +85.0 C)

nvme-pci-0200
Adapter: PCI adapter
Composite:    +42.9 C  (low  = -273.1 C, high = +75.8 C)
                       (crit = +86.8 C)
Sensor 1:     +42.9 C  (low  = -273.1 C, high = +65261.8 C)
Sensor 2:     +56.9 C  (low  = -273.1 C, high = +65261.8 C)

coretemp-isa-0000
Adapter: ISA adapter
Package id 0:  +83.0 C  (high = +100.0 C, crit = +100.0 C)
Core 0:        +68.0 C  (high = +100.0 C, crit = +100.0 C)
Core 4:        +79.0 C  (high = +100.0 C, crit = +100.0 C)
Core 8:        +71.0 C  (high = +100.0 C, crit = +100.0 C)
Core 12:       +83.0 C  (high = +100.0 C, crit = +100.0 C)
Core 16:       +73.0 C  (high = +100.0 C, crit = +100.0 C)
Core 20:       +83.0 C  (high = +100.0 C, crit = +100.0 C)
Core 24:       +70.0 C  (high = +100.0 C, crit = +100.0 C)
Core 28:       +80.0 C  (high = +100.0 C, crit = +100.0 C)
Core 32:       +70.0 C  (high = +100.0 C, crit = +100.0 C)
Core 33:       +70.0 C  (high = +100.0 C, crit = +100.0 C)
Core 34:       +70.0 C  (high = +100.0 C, crit = +100.0 C)
Core 35:       +70.0 C  (high = +100.0 C, crit = +100.0 C)
Core 36:       +80.0 C  (high = +100.0 C, crit = +100.0 C)
Core 37:       +80.0 C  (high = +100.0 C, crit = +100.0 C)
Core 38:       +80.0 C  (high = +100.0 C, crit = +100.0 C)
Core 39:       +80.0 C  (high = +100.0 C, crit = +100.0 C)
Core 40:       +72.0 C  (high = +100.0 C, crit = +100.0 C)
Core 41:       +72.0 C  (high = +100.0 C, crit = +100.0 C)
Core 42:       +72.0 C  (high = +100.0 C, crit = +100.0 C)
Core 43:       +72.0 C  (high = +100.0 C, crit = +100.0 C)
Core 44:       +77.0 C  (high = +100.0 C, crit = +100.0 C)
Core 45:       +77.0 C  (high = +100.0 C, crit = +100.0 C)
Core 46:       +77.0 C  (high = +100.0 C, crit = +100.0 C)
Core 47:       +77.0 C  (high = +100.0 C, crit = +100.0 C)

spd5118-i2c-5-50
Adapter: SMBus I801 adapter at 0000:00:1f.4
temp1:        +42.2 C  (low  =  +0.0 C, high = +55.0 C)
                       (crit low =  +0.0 C, crit = +85.0 C)

BAT0-acpi-0
Adapter: ACPI interface
in0:          16.38 V  
power1:        0.00 W  

### 2026-05-26T17:19:39+08:00 nvidia
2026/05/26 17:19:39.162, NVIDIA GeForce RTX 4060 Laptop GPU, GPU-5011cbcd-7033-6444-66e7-e485ade01645, P4, 48, 9.23, [N/A], 615, 6001, 23, 5, 695
### 2026-05-26T17:19:39+08:00 cpu_frequency
/sys/devices/system/cpu/cpu0/cpufreq/scaling_cur_freq:3700000
/sys/devices/system/cpu/cpu1/cpufreq/scaling_cur_freq:3700000
/sys/devices/system/cpu/cpu10/cpufreq/scaling_cur_freq:3548375
/sys/devices/system/cpu/cpu11/cpufreq/scaling_cur_freq:3548342
/sys/devices/system/cpu/cpu12/cpufreq/scaling_cur_freq:3700000
/sys/devices/system/cpu/cpu13/cpufreq/scaling_cur_freq:3700000
/sys/devices/system/cpu/cpu14/cpufreq/scaling_cur_freq:3700037
/sys/devices/system/cpu/cpu15/cpufreq/scaling_cur_freq:3699962
/sys/devices/system/cpu/cpu16/cpufreq/scaling_cur_freq:3100053
/sys/devices/system/cpu/cpu17/cpufreq/scaling_cur_freq:3100110
/sys/devices/system/cpu/cpu18/cpufreq/scaling_cur_freq:3100087
/sys/devices/system/cpu/cpu19/cpufreq/scaling_cur_freq:3099991
/sys/devices/system/cpu/cpu2/cpufreq/scaling_cur_freq:3700037
/sys/devices/system/cpu/cpu20/cpufreq/scaling_cur_freq:3100056
/sys/devices/system/cpu/cpu21/cpufreq/scaling_cur_freq:3099974
/sys/devices/system/cpu/cpu22/cpufreq/scaling_cur_freq:3100107
/sys/devices/system/cpu/cpu23/cpufreq/scaling_cur_freq:3100068
/sys/devices/system/cpu/cpu24/cpufreq/scaling_cur_freq:3099965
/sys/devices/system/cpu/cpu25/cpufreq/scaling_cur_freq:3100035
/sys/devices/system/cpu/cpu26/cpufreq/scaling_cur_freq:3100099
/sys/devices/system/cpu/cpu27/cpufreq/scaling_cur_freq:3100005
/sys/devices/system/cpu/cpu28/cpufreq/scaling_cur_freq:3099990
/sys/devices/system/cpu/cpu29/cpufreq/scaling_cur_freq:3099981
/sys/devices/system/cpu/cpu3/cpufreq/scaling_cur_freq:3700000
/sys/devices/system/cpu/cpu30/cpufreq/scaling_cur_freq:3100047
/sys/devices/system/cpu/cpu31/cpufreq/scaling_cur_freq:3099995
/sys/devices/system/cpu/cpu4/cpufreq/scaling_cur_freq:3582140
/sys/devices/system/cpu/cpu5/cpufreq/scaling_cur_freq:3582100
/sys/devices/system/cpu/cpu6/cpufreq/scaling_cur_freq:3700259
/sys/devices/system/cpu/cpu7/cpufreq/scaling_cur_freq:3700037
/sys/devices/system/cpu/cpu8/cpufreq/scaling_cur_freq:3700000
/sys/devices/system/cpu/cpu9/cpufreq/scaling_cur_freq:3700000
### 2026-05-26T17:19:44+08:00 sensors
iwlwifi_1-virtual-0
Adapter: Virtual device
temp1:        +43.0 C  

spd5118-i2c-5-52
Adapter: SMBus I801 adapter at 0000:00:1f.4
temp1:        +39.0 C  (low  =  +0.0 C, high = +55.0 C)
                       (crit low =  +0.0 C, crit = +85.0 C)

nvme-pci-0200
Adapter: PCI adapter
Composite:    +43.9 C  (low  = -273.1 C, high = +75.8 C)
                       (crit = +86.8 C)
Sensor 1:     +43.9 C  (low  = -273.1 C, high = +65261.8 C)
Sensor 2:     +56.9 C  (low  = -273.1 C, high = +65261.8 C)

coretemp-isa-0000
Adapter: ISA adapter
Package id 0:  +85.0 C  (high = +100.0 C, crit = +100.0 C)
Core 0:        +68.0 C  (high = +100.0 C, crit = +100.0 C)
Core 4:        +77.0 C  (high = +100.0 C, crit = +100.0 C)
Core 8:        +71.0 C  (high = +100.0 C, crit = +100.0 C)
Core 12:       +83.0 C  (high = +100.0 C, crit = +100.0 C)
Core 16:       +73.0 C  (high = +100.0 C, crit = +100.0 C)
Core 20:       +83.0 C  (high = +100.0 C, crit = +100.0 C)
Core 24:       +72.0 C  (high = +100.0 C, crit = +100.0 C)
Core 28:       +80.0 C  (high = +100.0 C, crit = +100.0 C)
Core 32:       +69.0 C  (high = +100.0 C, crit = +100.0 C)
Core 33:       +69.0 C  (high = +100.0 C, crit = +100.0 C)
Core 34:       +69.0 C  (high = +100.0 C, crit = +100.0 C)
Core 35:       +69.0 C  (high = +100.0 C, crit = +100.0 C)
Core 36:       +78.0 C  (high = +100.0 C, crit = +100.0 C)
Core 37:       +78.0 C  (high = +100.0 C, crit = +100.0 C)
Core 38:       +78.0 C  (high = +100.0 C, crit = +100.0 C)
Core 39:       +78.0 C  (high = +100.0 C, crit = +100.0 C)
Core 40:       +73.0 C  (high = +100.0 C, crit = +100.0 C)
Core 41:       +73.0 C  (high = +100.0 C, crit = +100.0 C)
Core 42:       +73.0 C  (high = +100.0 C, crit = +100.0 C)
Core 43:       +73.0 C  (high = +100.0 C, crit = +100.0 C)
Core 44:       +78.0 C  (high = +100.0 C, crit = +100.0 C)
Core 45:       +78.0 C  (high = +100.0 C, crit = +100.0 C)
Core 46:       +78.0 C  (high = +100.0 C, crit = +100.0 C)
Core 47:       +78.0 C  (high = +100.0 C, crit = +100.0 C)

spd5118-i2c-5-50
Adapter: SMBus I801 adapter at 0000:00:1f.4
temp1:        +42.5 C  (low  =  +0.0 C, high = +55.0 C)
                       (crit low =  +0.0 C, crit = +85.0 C)

BAT0-acpi-0
Adapter: ACPI interface
in0:          16.38 V  
power1:        0.00 W  

### 2026-05-26T17:19:44+08:00 nvidia
2026/05/26 17:19:44.324, NVIDIA GeForce RTX 4060 Laptop GPU, GPU-5011cbcd-7033-6444-66e7-e485ade01645, P3, 49, 12.66, [N/A], 1050, 7001, 22, 5, 695
### 2026-05-26T17:19:44+08:00 cpu_frequency
/sys/devices/system/cpu/cpu0/cpufreq/scaling_cur_freq:3700000
/sys/devices/system/cpu/cpu1/cpufreq/scaling_cur_freq:3700000
/sys/devices/system/cpu/cpu10/cpufreq/scaling_cur_freq:3700000
/sys/devices/system/cpu/cpu11/cpufreq/scaling_cur_freq:3700037
/sys/devices/system/cpu/cpu12/cpufreq/scaling_cur_freq:3700000
/sys/devices/system/cpu/cpu13/cpufreq/scaling_cur_freq:3700000
/sys/devices/system/cpu/cpu14/cpufreq/scaling_cur_freq:3538233
/sys/devices/system/cpu/cpu15/cpufreq/scaling_cur_freq:3538306
/sys/devices/system/cpu/cpu16/cpufreq/scaling_cur_freq:3100124
/sys/devices/system/cpu/cpu17/cpufreq/scaling_cur_freq:3099973
/sys/devices/system/cpu/cpu18/cpufreq/scaling_cur_freq:3099967
/sys/devices/system/cpu/cpu19/cpufreq/scaling_cur_freq:3100030
/sys/devices/system/cpu/cpu2/cpufreq/scaling_cur_freq:3700037
/sys/devices/system/cpu/cpu20/cpufreq/scaling_cur_freq:3100043
/sys/devices/system/cpu/cpu21/cpufreq/scaling_cur_freq:3100064
/sys/devices/system/cpu/cpu22/cpufreq/scaling_cur_freq:3099912
/sys/devices/system/cpu/cpu23/cpufreq/scaling_cur_freq:3099997
/sys/devices/system/cpu/cpu24/cpufreq/scaling_cur_freq:3099921
/sys/devices/system/cpu/cpu25/cpufreq/scaling_cur_freq:3099963
/sys/devices/system/cpu/cpu26/cpufreq/scaling_cur_freq:3099912
/sys/devices/system/cpu/cpu27/cpufreq/scaling_cur_freq:3100086
/sys/devices/system/cpu/cpu28/cpufreq/scaling_cur_freq:3099951
/sys/devices/system/cpu/cpu29/cpufreq/scaling_cur_freq:3099954
/sys/devices/system/cpu/cpu3/cpufreq/scaling_cur_freq:3700037
/sys/devices/system/cpu/cpu30/cpufreq/scaling_cur_freq:3100037
/sys/devices/system/cpu/cpu31/cpufreq/scaling_cur_freq:3100005
/sys/devices/system/cpu/cpu4/cpufreq/scaling_cur_freq:3645934
/sys/devices/system/cpu/cpu5/cpufreq/scaling_cur_freq:3641166
/sys/devices/system/cpu/cpu6/cpufreq/scaling_cur_freq:3700037
/sys/devices/system/cpu/cpu7/cpufreq/scaling_cur_freq:3700000
/sys/devices/system/cpu/cpu8/cpufreq/scaling_cur_freq:3699962
/sys/devices/system/cpu/cpu9/cpufreq/scaling_cur_freq:3700037
### 2026-05-26T17:19:49+08:00 sensors
iwlwifi_1-virtual-0
Adapter: Virtual device
temp1:        +43.0 C  

spd5118-i2c-5-52
Adapter: SMBus I801 adapter at 0000:00:1f.4
temp1:        +39.0 C  (low  =  +0.0 C, high = +55.0 C)
                       (crit low =  +0.0 C, crit = +85.0 C)

nvme-pci-0200
Adapter: PCI adapter
Composite:    +43.9 C  (low  = -273.1 C, high = +75.8 C)
                       (crit = +86.8 C)
Sensor 1:     +43.9 C  (low  = -273.1 C, high = +65261.8 C)
Sensor 2:     +49.9 C  (low  = -273.1 C, high = +65261.8 C)

coretemp-isa-0000
Adapter: ISA adapter
Package id 0:  +83.0 C  (high = +100.0 C, crit = +100.0 C)
Core 0:        +68.0 C  (high = +100.0 C, crit = +100.0 C)
Core 4:        +79.0 C  (high = +100.0 C, crit = +100.0 C)
Core 8:        +71.0 C  (high = +100.0 C, crit = +100.0 C)
Core 12:       +83.0 C  (high = +100.0 C, crit = +100.0 C)
Core 16:       +73.0 C  (high = +100.0 C, crit = +100.0 C)
Core 20:       +85.0 C  (high = +100.0 C, crit = +100.0 C)
Core 24:       +72.0 C  (high = +100.0 C, crit = +100.0 C)
Core 28:       +81.0 C  (high = +100.0 C, crit = +100.0 C)
Core 32:       +72.0 C  (high = +100.0 C, crit = +100.0 C)
Core 33:       +72.0 C  (high = +100.0 C, crit = +100.0 C)
Core 34:       +72.0 C  (high = +100.0 C, crit = +100.0 C)
Core 35:       +72.0 C  (high = +100.0 C, crit = +100.0 C)
Core 36:       +80.0 C  (high = +100.0 C, crit = +100.0 C)
Core 37:       +81.0 C  (high = +100.0 C, crit = +100.0 C)
Core 38:       +81.0 C  (high = +100.0 C, crit = +100.0 C)
Core 39:       +80.0 C  (high = +100.0 C, crit = +100.0 C)
Core 40:       +72.0 C  (high = +100.0 C, crit = +100.0 C)
Core 41:       +72.0 C  (high = +100.0 C, crit = +100.0 C)
Core 42:       +72.0 C  (high = +100.0 C, crit = +100.0 C)
Core 43:       +72.0 C  (high = +100.0 C, crit = +100.0 C)
Core 44:       +77.0 C  (high = +100.0 C, crit = +100.0 C)
Core 45:       +77.0 C  (high = +100.0 C, crit = +100.0 C)
Core 46:       +79.0 C  (high = +100.0 C, crit = +100.0 C)
Core 47:       +79.0 C  (high = +100.0 C, crit = +100.0 C)

spd5118-i2c-5-50
Adapter: SMBus I801 adapter at 0000:00:1f.4
temp1:        +42.8 C  (low  =  +0.0 C, high = +55.0 C)
                       (crit low =  +0.0 C, crit = +85.0 C)

BAT0-acpi-0
Adapter: ACPI interface
in0:          16.38 V  
power1:        0.00 W  

### 2026-05-26T17:19:49+08:00 nvidia
2026/05/26 17:19:49.526, NVIDIA GeForce RTX 4060 Laptop GPU, GPU-5011cbcd-7033-6444-66e7-e485ade01645, P4, 49, 10.01, [N/A], 855, 6001, 18, 4, 695
### 2026-05-26T17:19:49+08:00 cpu_frequency
/sys/devices/system/cpu/cpu0/cpufreq/scaling_cur_freq:3600000
/sys/devices/system/cpu/cpu1/cpufreq/scaling_cur_freq:3600000
/sys/devices/system/cpu/cpu10/cpufreq/scaling_cur_freq:3599963
/sys/devices/system/cpu/cpu11/cpufreq/scaling_cur_freq:3600000
/sys/devices/system/cpu/cpu12/cpufreq/scaling_cur_freq:3599963
/sys/devices/system/cpu/cpu13/cpufreq/scaling_cur_freq:3600000
/sys/devices/system/cpu/cpu14/cpufreq/scaling_cur_freq:3600000
/sys/devices/system/cpu/cpu15/cpufreq/scaling_cur_freq:3600000
/sys/devices/system/cpu/cpu16/cpufreq/scaling_cur_freq:3000055
/sys/devices/system/cpu/cpu17/cpufreq/scaling_cur_freq:2999957
/sys/devices/system/cpu/cpu18/cpufreq/scaling_cur_freq:3000042
/sys/devices/system/cpu/cpu19/cpufreq/scaling_cur_freq:2999971
/sys/devices/system/cpu/cpu2/cpufreq/scaling_cur_freq:3590933
/sys/devices/system/cpu/cpu20/cpufreq/scaling_cur_freq:2999977
/sys/devices/system/cpu/cpu21/cpufreq/scaling_cur_freq:3000013
/sys/devices/system/cpu/cpu22/cpufreq/scaling_cur_freq:3000063
/sys/devices/system/cpu/cpu23/cpufreq/scaling_cur_freq:3000012
/sys/devices/system/cpu/cpu24/cpufreq/scaling_cur_freq:3000039
/sys/devices/system/cpu/cpu25/cpufreq/scaling_cur_freq:3000039
/sys/devices/system/cpu/cpu26/cpufreq/scaling_cur_freq:2999985
/sys/devices/system/cpu/cpu27/cpufreq/scaling_cur_freq:2999984
/sys/devices/system/cpu/cpu28/cpufreq/scaling_cur_freq:3000061
/sys/devices/system/cpu/cpu29/cpufreq/scaling_cur_freq:2999933
/sys/devices/system/cpu/cpu3/cpufreq/scaling_cur_freq:3600000
/sys/devices/system/cpu/cpu30/cpufreq/scaling_cur_freq:2999960
/sys/devices/system/cpu/cpu31/cpufreq/scaling_cur_freq:3000063
/sys/devices/system/cpu/cpu4/cpufreq/scaling_cur_freq:3599963
/sys/devices/system/cpu/cpu5/cpufreq/scaling_cur_freq:3599963
/sys/devices/system/cpu/cpu6/cpufreq/scaling_cur_freq:3538242
/sys/devices/system/cpu/cpu7/cpufreq/scaling_cur_freq:3538184
/sys/devices/system/cpu/cpu8/cpufreq/scaling_cur_freq:3600000
/sys/devices/system/cpu/cpu9/cpufreq/scaling_cur_freq:3599963
### 2026-05-26T17:19:54+08:00 sensors
iwlwifi_1-virtual-0
Adapter: Virtual device
temp1:        +43.0 C  

spd5118-i2c-5-52
Adapter: SMBus I801 adapter at 0000:00:1f.4
temp1:        +39.2 C  (low  =  +0.0 C, high = +55.0 C)
                       (crit low =  +0.0 C, crit = +85.0 C)

nvme-pci-0200
Adapter: PCI adapter
Composite:    +43.9 C  (low  = -273.1 C, high = +75.8 C)
                       (crit = +86.8 C)
Sensor 1:     +43.9 C  (low  = -273.1 C, high = +65261.8 C)
Sensor 2:     +47.9 C  (low  = -273.1 C, high = +65261.8 C)

coretemp-isa-0000
Adapter: ISA adapter
Package id 0:  +84.0 C  (high = +100.0 C, crit = +100.0 C)
Core 0:        +70.0 C  (high = +100.0 C, crit = +100.0 C)
Core 4:        +79.0 C  (high = +100.0 C, crit = +100.0 C)
Core 8:        +72.0 C  (high = +100.0 C, crit = +100.0 C)
Core 12:       +84.0 C  (high = +100.0 C, crit = +100.0 C)
Core 16:       +73.0 C  (high = +100.0 C, crit = +100.0 C)
Core 20:       +83.0 C  (high = +100.0 C, crit = +100.0 C)
Core 24:       +73.0 C  (high = +100.0 C, crit = +100.0 C)
Core 28:       +81.0 C  (high = +100.0 C, crit = +100.0 C)
Core 32:       +72.0 C  (high = +100.0 C, crit = +100.0 C)
Core 33:       +72.0 C  (high = +100.0 C, crit = +100.0 C)
Core 34:       +72.0 C  (high = +100.0 C, crit = +100.0 C)
Core 35:       +72.0 C  (high = +100.0 C, crit = +100.0 C)
Core 36:       +80.0 C  (high = +100.0 C, crit = +100.0 C)
Core 37:       +80.0 C  (high = +100.0 C, crit = +100.0 C)
Core 38:       +80.0 C  (high = +100.0 C, crit = +100.0 C)
Core 39:       +80.0 C  (high = +100.0 C, crit = +100.0 C)
Core 40:       +74.0 C  (high = +100.0 C, crit = +100.0 C)
Core 41:       +74.0 C  (high = +100.0 C, crit = +100.0 C)
Core 42:       +74.0 C  (high = +100.0 C, crit = +100.0 C)
Core 43:       +73.0 C  (high = +100.0 C, crit = +100.0 C)
Core 44:       +79.0 C  (high = +100.0 C, crit = +100.0 C)
Core 45:       +79.0 C  (high = +100.0 C, crit = +100.0 C)
Core 46:       +79.0 C  (high = +100.0 C, crit = +100.0 C)
Core 47:       +79.0 C  (high = +100.0 C, crit = +100.0 C)

spd5118-i2c-5-50
Adapter: SMBus I801 adapter at 0000:00:1f.4
temp1:        +43.0 C  (low  =  +0.0 C, high = +55.0 C)
                       (crit low =  +0.0 C, crit = +85.0 C)

BAT0-acpi-0
Adapter: ACPI interface
in0:          16.38 V  
power1:        0.00 W  

### 2026-05-26T17:19:54+08:00 nvidia
2026/05/26 17:19:54.652, NVIDIA GeForce RTX 4060 Laptop GPU, GPU-5011cbcd-7033-6444-66e7-e485ade01645, P5, 48, 7.91, [N/A], 570, 810, 32, 28, 695
### 2026-05-26T17:19:54+08:00 cpu_frequency
/sys/devices/system/cpu/cpu0/cpufreq/scaling_cur_freq:3700000
/sys/devices/system/cpu/cpu1/cpufreq/scaling_cur_freq:3700000
/sys/devices/system/cpu/cpu10/cpufreq/scaling_cur_freq:3700000
/sys/devices/system/cpu/cpu11/cpufreq/scaling_cur_freq:3700000
/sys/devices/system/cpu/cpu12/cpufreq/scaling_cur_freq:3700000
/sys/devices/system/cpu/cpu13/cpufreq/scaling_cur_freq:3700000
/sys/devices/system/cpu/cpu14/cpufreq/scaling_cur_freq:3700000
/sys/devices/system/cpu/cpu15/cpufreq/scaling_cur_freq:3700037
/sys/devices/system/cpu/cpu16/cpufreq/scaling_cur_freq:3099920
/sys/devices/system/cpu/cpu17/cpufreq/scaling_cur_freq:3100051
/sys/devices/system/cpu/cpu18/cpufreq/scaling_cur_freq:3099908
/sys/devices/system/cpu/cpu19/cpufreq/scaling_cur_freq:3100096
/sys/devices/system/cpu/cpu2/cpufreq/scaling_cur_freq:3700000
/sys/devices/system/cpu/cpu20/cpufreq/scaling_cur_freq:3100016
/sys/devices/system/cpu/cpu21/cpufreq/scaling_cur_freq:3100039
/sys/devices/system/cpu/cpu22/cpufreq/scaling_cur_freq:3100034
/sys/devices/system/cpu/cpu23/cpufreq/scaling_cur_freq:3100020
/sys/devices/system/cpu/cpu24/cpufreq/scaling_cur_freq:3099944
/sys/devices/system/cpu/cpu25/cpufreq/scaling_cur_freq:3099955
/sys/devices/system/cpu/cpu26/cpufreq/scaling_cur_freq:3100027
/sys/devices/system/cpu/cpu27/cpufreq/scaling_cur_freq:3099993
/sys/devices/system/cpu/cpu28/cpufreq/scaling_cur_freq:3099929
/sys/devices/system/cpu/cpu29/cpufreq/scaling_cur_freq:3099973
/sys/devices/system/cpu/cpu3/cpufreq/scaling_cur_freq:3700000
/sys/devices/system/cpu/cpu30/cpufreq/scaling_cur_freq:3099969
/sys/devices/system/cpu/cpu31/cpufreq/scaling_cur_freq:3100034
/sys/devices/system/cpu/cpu4/cpufreq/scaling_cur_freq:3700000
/sys/devices/system/cpu/cpu5/cpufreq/scaling_cur_freq:3700000
/sys/devices/system/cpu/cpu6/cpufreq/scaling_cur_freq:3700000
/sys/devices/system/cpu/cpu7/cpufreq/scaling_cur_freq:3700000
/sys/devices/system/cpu/cpu8/cpufreq/scaling_cur_freq:3700000
/sys/devices/system/cpu/cpu9/cpufreq/scaling_cur_freq:3700037
### 2026-05-26T17:19:59+08:00 sensors
iwlwifi_1-virtual-0
Adapter: Virtual device
temp1:        +43.0 C  

spd5118-i2c-5-52
Adapter: SMBus I801 adapter at 0000:00:1f.4
temp1:        +39.5 C  (low  =  +0.0 C, high = +55.0 C)
                       (crit low =  +0.0 C, crit = +85.0 C)

nvme-pci-0200
Adapter: PCI adapter
Composite:    +43.9 C  (low  = -273.1 C, high = +75.8 C)
                       (crit = +86.8 C)
Sensor 1:     +43.9 C  (low  = -273.1 C, high = +65261.8 C)
Sensor 2:     +45.9 C  (low  = -273.1 C, high = +65261.8 C)

coretemp-isa-0000
Adapter: ISA adapter
Package id 0:  +84.0 C  (high = +100.0 C, crit = +100.0 C)
Core 0:        +70.0 C  (high = +100.0 C, crit = +100.0 C)
Core 4:        +81.0 C  (high = +100.0 C, crit = +100.0 C)
Core 8:        +72.0 C  (high = +100.0 C, crit = +100.0 C)
Core 12:       +84.0 C  (high = +100.0 C, crit = +100.0 C)
Core 16:       +74.0 C  (high = +100.0 C, crit = +100.0 C)
Core 20:       +85.0 C  (high = +100.0 C, crit = +100.0 C)
Core 24:       +72.0 C  (high = +100.0 C, crit = +100.0 C)
Core 28:       +83.0 C  (high = +100.0 C, crit = +100.0 C)
Core 32:       +72.0 C  (high = +100.0 C, crit = +100.0 C)
Core 33:       +72.0 C  (high = +100.0 C, crit = +100.0 C)
Core 34:       +72.0 C  (high = +100.0 C, crit = +100.0 C)
Core 35:       +72.0 C  (high = +100.0 C, crit = +100.0 C)
Core 36:       +81.0 C  (high = +100.0 C, crit = +100.0 C)
Core 37:       +80.0 C  (high = +100.0 C, crit = +100.0 C)
Core 38:       +80.0 C  (high = +100.0 C, crit = +100.0 C)
Core 39:       +80.0 C  (high = +100.0 C, crit = +100.0 C)
Core 40:       +72.0 C  (high = +100.0 C, crit = +100.0 C)
Core 41:       +73.0 C  (high = +100.0 C, crit = +100.0 C)
Core 42:       +72.0 C  (high = +100.0 C, crit = +100.0 C)
Core 43:       +74.0 C  (high = +100.0 C, crit = +100.0 C)
Core 44:       +79.0 C  (high = +100.0 C, crit = +100.0 C)
Core 45:       +77.0 C  (high = +100.0 C, crit = +100.0 C)
Core 46:       +77.0 C  (high = +100.0 C, crit = +100.0 C)
Core 47:       +77.0 C  (high = +100.0 C, crit = +100.0 C)

spd5118-i2c-5-50
Adapter: SMBus I801 adapter at 0000:00:1f.4
temp1:        +43.2 C  (low  =  +0.0 C, high = +55.0 C)
                       (crit low =  +0.0 C, crit = +85.0 C)

BAT0-acpi-0
Adapter: ACPI interface
in0:          16.38 V  
power1:        0.00 W  

### 2026-05-26T17:19:59+08:00 nvidia
2026/05/26 17:19:59.887, NVIDIA GeForce RTX 4060 Laptop GPU, GPU-5011cbcd-7033-6444-66e7-e485ade01645, P4, 49, 12.56, [N/A], 885, 6001, 29, 7, 695
### 2026-05-26T17:19:59+08:00 cpu_frequency
/sys/devices/system/cpu/cpu0/cpufreq/scaling_cur_freq:3511364
/sys/devices/system/cpu/cpu1/cpufreq/scaling_cur_freq:3511394
/sys/devices/system/cpu/cpu10/cpufreq/scaling_cur_freq:3700000
/sys/devices/system/cpu/cpu11/cpufreq/scaling_cur_freq:3699962
/sys/devices/system/cpu/cpu12/cpufreq/scaling_cur_freq:3699963
/sys/devices/system/cpu/cpu13/cpufreq/scaling_cur_freq:3700000
/sys/devices/system/cpu/cpu14/cpufreq/scaling_cur_freq:3699962
/sys/devices/system/cpu/cpu15/cpufreq/scaling_cur_freq:3699963
/sys/devices/system/cpu/cpu16/cpufreq/scaling_cur_freq:3100036
/sys/devices/system/cpu/cpu17/cpufreq/scaling_cur_freq:3099920
/sys/devices/system/cpu/cpu18/cpufreq/scaling_cur_freq:3100045
/sys/devices/system/cpu/cpu19/cpufreq/scaling_cur_freq:3099966
/sys/devices/system/cpu/cpu2/cpufreq/scaling_cur_freq:3578390
/sys/devices/system/cpu/cpu20/cpufreq/scaling_cur_freq:3100002
/sys/devices/system/cpu/cpu21/cpufreq/scaling_cur_freq:3099988
/sys/devices/system/cpu/cpu22/cpufreq/scaling_cur_freq:3100020
/sys/devices/system/cpu/cpu23/cpufreq/scaling_cur_freq:3099956
/sys/devices/system/cpu/cpu24/cpufreq/scaling_cur_freq:3099960
/sys/devices/system/cpu/cpu25/cpufreq/scaling_cur_freq:3099888
/sys/devices/system/cpu/cpu26/cpufreq/scaling_cur_freq:3099987
/sys/devices/system/cpu/cpu27/cpufreq/scaling_cur_freq:3100024
/sys/devices/system/cpu/cpu28/cpufreq/scaling_cur_freq:3100087
/sys/devices/system/cpu/cpu29/cpufreq/scaling_cur_freq:3100068
/sys/devices/system/cpu/cpu3/cpufreq/scaling_cur_freq:3578464
/sys/devices/system/cpu/cpu30/cpufreq/scaling_cur_freq:3099991
/sys/devices/system/cpu/cpu31/cpufreq/scaling_cur_freq:3100030
/sys/devices/system/cpu/cpu4/cpufreq/scaling_cur_freq:3700000
/sys/devices/system/cpu/cpu5/cpufreq/scaling_cur_freq:3700000
/sys/devices/system/cpu/cpu6/cpufreq/scaling_cur_freq:3700037
/sys/devices/system/cpu/cpu7/cpufreq/scaling_cur_freq:3700000
/sys/devices/system/cpu/cpu8/cpufreq/scaling_cur_freq:3700000
/sys/devices/system/cpu/cpu9/cpufreq/scaling_cur_freq:3700000
### 2026-05-26T17:20:04+08:00 sensors
iwlwifi_1-virtual-0
Adapter: Virtual device
temp1:        +44.0 C  

spd5118-i2c-5-52
Adapter: SMBus I801 adapter at 0000:00:1f.4
temp1:        +39.5 C  (low  =  +0.0 C, high = +55.0 C)
                       (crit low =  +0.0 C, crit = +85.0 C)

nvme-pci-0200
Adapter: PCI adapter
Composite:    +43.9 C  (low  = -273.1 C, high = +75.8 C)
                       (crit = +86.8 C)
Sensor 1:     +43.9 C  (low  = -273.1 C, high = +65261.8 C)
Sensor 2:     +44.9 C  (low  = -273.1 C, high = +65261.8 C)

coretemp-isa-0000
Adapter: ISA adapter
Package id 0:  +83.0 C  (high = +100.0 C, crit = +100.0 C)
Core 0:        +70.0 C  (high = +100.0 C, crit = +100.0 C)
Core 4:        +79.0 C  (high = +100.0 C, crit = +100.0 C)
Core 8:        +72.0 C  (high = +100.0 C, crit = +100.0 C)
Core 12:       +83.0 C  (high = +100.0 C, crit = +100.0 C)
Core 16:       +73.0 C  (high = +100.0 C, crit = +100.0 C)
Core 20:       +83.0 C  (high = +100.0 C, crit = +100.0 C)
Core 24:       +72.0 C  (high = +100.0 C, crit = +100.0 C)
Core 28:       +81.0 C  (high = +100.0 C, crit = +100.0 C)
Core 32:       +72.0 C  (high = +100.0 C, crit = +100.0 C)
Core 33:       +73.0 C  (high = +100.0 C, crit = +100.0 C)
Core 34:       +72.0 C  (high = +100.0 C, crit = +100.0 C)
Core 35:       +72.0 C  (high = +100.0 C, crit = +100.0 C)
Core 36:       +80.0 C  (high = +100.0 C, crit = +100.0 C)
Core 37:       +80.0 C  (high = +100.0 C, crit = +100.0 C)
Core 38:       +80.0 C  (high = +100.0 C, crit = +100.0 C)
Core 39:       +81.0 C  (high = +100.0 C, crit = +100.0 C)
Core 40:       +74.0 C  (high = +100.0 C, crit = +100.0 C)
Core 41:       +72.0 C  (high = +100.0 C, crit = +100.0 C)
Core 42:       +72.0 C  (high = +100.0 C, crit = +100.0 C)
Core 43:       +73.0 C  (high = +100.0 C, crit = +100.0 C)
Core 44:       +80.0 C  (high = +100.0 C, crit = +100.0 C)
Core 45:       +79.0 C  (high = +100.0 C, crit = +100.0 C)
Core 46:       +79.0 C  (high = +100.0 C, crit = +100.0 C)
Core 47:       +77.0 C  (high = +100.0 C, crit = +100.0 C)

spd5118-i2c-5-50
Adapter: SMBus I801 adapter at 0000:00:1f.4
temp1:        +43.5 C  (low  =  +0.0 C, high = +55.0 C)
                       (crit low =  +0.0 C, crit = +85.0 C)

BAT0-acpi-0
Adapter: ACPI interface
in0:          16.38 V  
power1:        0.00 W  

### 2026-05-26T17:20:05+08:00 nvidia
2026/05/26 17:20:05.115, NVIDIA GeForce RTX 4060 Laptop GPU, GPU-5011cbcd-7033-6444-66e7-e485ade01645, P4, 49, 14.18, [N/A], 855, 6001, 17, 4, 695
### 2026-05-26T17:20:05+08:00 cpu_frequency
/sys/devices/system/cpu/cpu0/cpufreq/scaling_cur_freq:3700000
/sys/devices/system/cpu/cpu1/cpufreq/scaling_cur_freq:3700000
/sys/devices/system/cpu/cpu10/cpufreq/scaling_cur_freq:3700000
/sys/devices/system/cpu/cpu11/cpufreq/scaling_cur_freq:3699962
/sys/devices/system/cpu/cpu12/cpufreq/scaling_cur_freq:3700037
/sys/devices/system/cpu/cpu13/cpufreq/scaling_cur_freq:3700000
/sys/devices/system/cpu/cpu14/cpufreq/scaling_cur_freq:3700037
/sys/devices/system/cpu/cpu15/cpufreq/scaling_cur_freq:3700000
/sys/devices/system/cpu/cpu16/cpufreq/scaling_cur_freq:3100026
/sys/devices/system/cpu/cpu17/cpufreq/scaling_cur_freq:3099902
/sys/devices/system/cpu/cpu18/cpufreq/scaling_cur_freq:3100053
/sys/devices/system/cpu/cpu19/cpufreq/scaling_cur_freq:3100060
/sys/devices/system/cpu/cpu2/cpufreq/scaling_cur_freq:3699962
/sys/devices/system/cpu/cpu20/cpufreq/scaling_cur_freq:3100016
/sys/devices/system/cpu/cpu21/cpufreq/scaling_cur_freq:3099986
/sys/devices/system/cpu/cpu22/cpufreq/scaling_cur_freq:3100033
/sys/devices/system/cpu/cpu23/cpufreq/scaling_cur_freq:3100047
/sys/devices/system/cpu/cpu24/cpufreq/scaling_cur_freq:3100013
/sys/devices/system/cpu/cpu25/cpufreq/scaling_cur_freq:3100030
/sys/devices/system/cpu/cpu26/cpufreq/scaling_cur_freq:3099885
/sys/devices/system/cpu/cpu27/cpufreq/scaling_cur_freq:3099919
/sys/devices/system/cpu/cpu28/cpufreq/scaling_cur_freq:3100087
/sys/devices/system/cpu/cpu29/cpufreq/scaling_cur_freq:3100002
/sys/devices/system/cpu/cpu3/cpufreq/scaling_cur_freq:3700000
/sys/devices/system/cpu/cpu30/cpufreq/scaling_cur_freq:3099983
/sys/devices/system/cpu/cpu31/cpufreq/scaling_cur_freq:3100040
/sys/devices/system/cpu/cpu4/cpufreq/scaling_cur_freq:3700000
/sys/devices/system/cpu/cpu5/cpufreq/scaling_cur_freq:3699962
/sys/devices/system/cpu/cpu6/cpufreq/scaling_cur_freq:3699962
/sys/devices/system/cpu/cpu7/cpufreq/scaling_cur_freq:3699962
/sys/devices/system/cpu/cpu8/cpufreq/scaling_cur_freq:3592930
/sys/devices/system/cpu/cpu9/cpufreq/scaling_cur_freq:3592926
### 2026-05-26T17:20:10+08:00 sensors
iwlwifi_1-virtual-0
Adapter: Virtual device
temp1:        +43.0 C  

spd5118-i2c-5-52
Adapter: SMBus I801 adapter at 0000:00:1f.4
temp1:        +39.8 C  (low  =  +0.0 C, high = +55.0 C)
                       (crit low =  +0.0 C, crit = +85.0 C)

nvme-pci-0200
Adapter: PCI adapter
Composite:    +43.9 C  (low  = -273.1 C, high = +75.8 C)
                       (crit = +86.8 C)
Sensor 1:     +43.9 C  (low  = -273.1 C, high = +65261.8 C)
Sensor 2:     +43.9 C  (low  = -273.1 C, high = +65261.8 C)

coretemp-isa-0000
Adapter: ISA adapter
Package id 0:  +85.0 C  (high = +100.0 C, crit = +100.0 C)
Core 0:        +70.0 C  (high = +100.0 C, crit = +100.0 C)
Core 4:        +80.0 C  (high = +100.0 C, crit = +100.0 C)
Core 8:        +72.0 C  (high = +100.0 C, crit = +100.0 C)
Core 12:       +83.0 C  (high = +100.0 C, crit = +100.0 C)
Core 16:       +74.0 C  (high = +100.0 C, crit = +100.0 C)
Core 20:       +85.0 C  (high = +100.0 C, crit = +100.0 C)
Core 24:       +71.0 C  (high = +100.0 C, crit = +100.0 C)
Core 28:       +83.0 C  (high = +100.0 C, crit = +100.0 C)
Core 32:       +72.0 C  (high = +100.0 C, crit = +100.0 C)
Core 33:       +72.0 C  (high = +100.0 C, crit = +100.0 C)
Core 34:       +72.0 C  (high = +100.0 C, crit = +100.0 C)
Core 35:       +72.0 C  (high = +100.0 C, crit = +100.0 C)
Core 36:       +81.0 C  (high = +100.0 C, crit = +100.0 C)
Core 37:       +81.0 C  (high = +100.0 C, crit = +100.0 C)
Core 38:       +81.0 C  (high = +100.0 C, crit = +100.0 C)
Core 39:       +81.0 C  (high = +100.0 C, crit = +100.0 C)
Core 40:       +74.0 C  (high = +100.0 C, crit = +100.0 C)
Core 41:       +74.0 C  (high = +100.0 C, crit = +100.0 C)
Core 42:       +74.0 C  (high = +100.0 C, crit = +100.0 C)
Core 43:       +74.0 C  (high = +100.0 C, crit = +100.0 C)
Core 44:       +77.0 C  (high = +100.0 C, crit = +100.0 C)
Core 45:       +77.0 C  (high = +100.0 C, crit = +100.0 C)
Core 46:       +77.0 C  (high = +100.0 C, crit = +100.0 C)
Core 47:       +77.0 C  (high = +100.0 C, crit = +100.0 C)

spd5118-i2c-5-50
Adapter: SMBus I801 adapter at 0000:00:1f.4
temp1:        +43.8 C  (low  =  +0.0 C, high = +55.0 C)
                       (crit low =  +0.0 C, crit = +85.0 C)

BAT0-acpi-0
Adapter: ACPI interface
in0:          16.38 V  
power1:        0.00 W  

### 2026-05-26T17:20:10+08:00 nvidia
2026/05/26 17:20:10.266, NVIDIA GeForce RTX 4060 Laptop GPU, GPU-5011cbcd-7033-6444-66e7-e485ade01645, P5, 48, 8.25, [N/A], 690, 810, 32, 31, 695
### 2026-05-26T17:20:10+08:00 cpu_frequency
/sys/devices/system/cpu/cpu0/cpufreq/scaling_cur_freq:3700000
/sys/devices/system/cpu/cpu1/cpufreq/scaling_cur_freq:3700037
/sys/devices/system/cpu/cpu10/cpufreq/scaling_cur_freq:3700000
/sys/devices/system/cpu/cpu11/cpufreq/scaling_cur_freq:3700000
/sys/devices/system/cpu/cpu12/cpufreq/scaling_cur_freq:3700000
/sys/devices/system/cpu/cpu13/cpufreq/scaling_cur_freq:3700037
/sys/devices/system/cpu/cpu14/cpufreq/scaling_cur_freq:3700037
/sys/devices/system/cpu/cpu15/cpufreq/scaling_cur_freq:3700000
/sys/devices/system/cpu/cpu16/cpufreq/scaling_cur_freq:3099984
/sys/devices/system/cpu/cpu17/cpufreq/scaling_cur_freq:3100035
/sys/devices/system/cpu/cpu18/cpufreq/scaling_cur_freq:3099916
/sys/devices/system/cpu/cpu19/cpufreq/scaling_cur_freq:3100078
/sys/devices/system/cpu/cpu2/cpufreq/scaling_cur_freq:3700037
/sys/devices/system/cpu/cpu20/cpufreq/scaling_cur_freq:3099997
/sys/devices/system/cpu/cpu21/cpufreq/scaling_cur_freq:3099939
/sys/devices/system/cpu/cpu22/cpufreq/scaling_cur_freq:3100042
/sys/devices/system/cpu/cpu23/cpufreq/scaling_cur_freq:3099983
/sys/devices/system/cpu/cpu24/cpufreq/scaling_cur_freq:3100041
/sys/devices/system/cpu/cpu25/cpufreq/scaling_cur_freq:3100042
/sys/devices/system/cpu/cpu26/cpufreq/scaling_cur_freq:3099955
/sys/devices/system/cpu/cpu27/cpufreq/scaling_cur_freq:3099976
/sys/devices/system/cpu/cpu28/cpufreq/scaling_cur_freq:3100006
/sys/devices/system/cpu/cpu29/cpufreq/scaling_cur_freq:3100030
/sys/devices/system/cpu/cpu3/cpufreq/scaling_cur_freq:3618344
/sys/devices/system/cpu/cpu30/cpufreq/scaling_cur_freq:3100027
/sys/devices/system/cpu/cpu31/cpufreq/scaling_cur_freq:3099916
/sys/devices/system/cpu/cpu4/cpufreq/scaling_cur_freq:3700000
/sys/devices/system/cpu/cpu5/cpufreq/scaling_cur_freq:3699962
/sys/devices/system/cpu/cpu6/cpufreq/scaling_cur_freq:3700037
/sys/devices/system/cpu/cpu7/cpufreq/scaling_cur_freq:3700000
/sys/devices/system/cpu/cpu8/cpufreq/scaling_cur_freq:3700037
/sys/devices/system/cpu/cpu9/cpufreq/scaling_cur_freq:3700000
### 2026-05-26T17:20:15+08:00 sensors
iwlwifi_1-virtual-0
Adapter: Virtual device
temp1:        +42.0 C  

spd5118-i2c-5-52
Adapter: SMBus I801 adapter at 0000:00:1f.4
temp1:        +40.0 C  (low  =  +0.0 C, high = +55.0 C)
                       (crit low =  +0.0 C, crit = +85.0 C)

nvme-pci-0200
Adapter: PCI adapter
Composite:    +43.9 C  (low  = -273.1 C, high = +75.8 C)
                       (crit = +86.8 C)
Sensor 1:     +43.9 C  (low  = -273.1 C, high = +65261.8 C)
Sensor 2:     +50.9 C  (low  = -273.1 C, high = +65261.8 C)

coretemp-isa-0000
Adapter: ISA adapter
Package id 0:  +83.0 C  (high = +100.0 C, crit = +100.0 C)
Core 0:        +68.0 C  (high = +100.0 C, crit = +100.0 C)
Core 4:        +79.0 C  (high = +100.0 C, crit = +100.0 C)
Core 8:        +72.0 C  (high = +100.0 C, crit = +100.0 C)
Core 12:       +83.0 C  (high = +100.0 C, crit = +100.0 C)
Core 16:       +73.0 C  (high = +100.0 C, crit = +100.0 C)
Core 20:       +83.0 C  (high = +100.0 C, crit = +100.0 C)
Core 24:       +71.0 C  (high = +100.0 C, crit = +100.0 C)
Core 28:       +83.0 C  (high = +100.0 C, crit = +100.0 C)
Core 32:       +72.0 C  (high = +100.0 C, crit = +100.0 C)
Core 33:       +72.0 C  (high = +100.0 C, crit = +100.0 C)
Core 34:       +72.0 C  (high = +100.0 C, crit = +100.0 C)
Core 35:       +72.0 C  (high = +100.0 C, crit = +100.0 C)
Core 36:       +80.0 C  (high = +100.0 C, crit = +100.0 C)
Core 37:       +80.0 C  (high = +100.0 C, crit = +100.0 C)
Core 38:       +80.0 C  (high = +100.0 C, crit = +100.0 C)
Core 39:       +80.0 C  (high = +100.0 C, crit = +100.0 C)
Core 40:       +72.0 C  (high = +100.0 C, crit = +100.0 C)
Core 41:       +72.0 C  (high = +100.0 C, crit = +100.0 C)
Core 42:       +72.0 C  (high = +100.0 C, crit = +100.0 C)
Core 43:       +72.0 C  (high = +100.0 C, crit = +100.0 C)
Core 44:       +79.0 C  (high = +100.0 C, crit = +100.0 C)
Core 45:       +79.0 C  (high = +100.0 C, crit = +100.0 C)
Core 46:       +79.0 C  (high = +100.0 C, crit = +100.0 C)
Core 47:       +79.0 C  (high = +100.0 C, crit = +100.0 C)

spd5118-i2c-5-50
Adapter: SMBus I801 adapter at 0000:00:1f.4
temp1:        +43.8 C  (low  =  +0.0 C, high = +55.0 C)
                       (crit low =  +0.0 C, crit = +85.0 C)

BAT0-acpi-0
Adapter: ACPI interface
in0:          16.38 V  
power1:        0.00 W  

### 2026-05-26T17:20:15+08:00 nvidia
2026/05/26 17:20:15.412, NVIDIA GeForce RTX 4060 Laptop GPU, GPU-5011cbcd-7033-6444-66e7-e485ade01645, P5, 48, 6.14, [N/A], 285, 810, 13, 9, 695
### 2026-05-26T17:20:15+08:00 cpu_frequency
/sys/devices/system/cpu/cpu0/cpufreq/scaling_cur_freq:3700000
/sys/devices/system/cpu/cpu1/cpufreq/scaling_cur_freq:3700000
/sys/devices/system/cpu/cpu10/cpufreq/scaling_cur_freq:3699962
/sys/devices/system/cpu/cpu11/cpufreq/scaling_cur_freq:3700037
/sys/devices/system/cpu/cpu12/cpufreq/scaling_cur_freq:3699962
/sys/devices/system/cpu/cpu13/cpufreq/scaling_cur_freq:3700000
/sys/devices/system/cpu/cpu14/cpufreq/scaling_cur_freq:3700000
/sys/devices/system/cpu/cpu15/cpufreq/scaling_cur_freq:3700000
/sys/devices/system/cpu/cpu16/cpufreq/scaling_cur_freq:3099997
/sys/devices/system/cpu/cpu17/cpufreq/scaling_cur_freq:3100034
/sys/devices/system/cpu/cpu18/cpufreq/scaling_cur_freq:3099925
/sys/devices/system/cpu/cpu19/cpufreq/scaling_cur_freq:3100019
/sys/devices/system/cpu/cpu2/cpufreq/scaling_cur_freq:3539246
/sys/devices/system/cpu/cpu20/cpufreq/scaling_cur_freq:3099966
/sys/devices/system/cpu/cpu21/cpufreq/scaling_cur_freq:3100041
/sys/devices/system/cpu/cpu22/cpufreq/scaling_cur_freq:3100005
/sys/devices/system/cpu/cpu23/cpufreq/scaling_cur_freq:3099980
/sys/devices/system/cpu/cpu24/cpufreq/scaling_cur_freq:3100008
/sys/devices/system/cpu/cpu25/cpufreq/scaling_cur_freq:3099955
/sys/devices/system/cpu/cpu26/cpufreq/scaling_cur_freq:3100009
/sys/devices/system/cpu/cpu27/cpufreq/scaling_cur_freq:3099994
/sys/devices/system/cpu/cpu28/cpufreq/scaling_cur_freq:3099937
/sys/devices/system/cpu/cpu29/cpufreq/scaling_cur_freq:3100048
/sys/devices/system/cpu/cpu3/cpufreq/scaling_cur_freq:3539160
/sys/devices/system/cpu/cpu30/cpufreq/scaling_cur_freq:3099975
/sys/devices/system/cpu/cpu31/cpufreq/scaling_cur_freq:3100090
/sys/devices/system/cpu/cpu4/cpufreq/scaling_cur_freq:3700000
/sys/devices/system/cpu/cpu5/cpufreq/scaling_cur_freq:3700037
/sys/devices/system/cpu/cpu6/cpufreq/scaling_cur_freq:3700000
/sys/devices/system/cpu/cpu7/cpufreq/scaling_cur_freq:3700000
/sys/devices/system/cpu/cpu8/cpufreq/scaling_cur_freq:3699962
/sys/devices/system/cpu/cpu9/cpufreq/scaling_cur_freq:3700000
### 2026-05-26T17:20:20+08:00 sensors
iwlwifi_1-virtual-0
Adapter: Virtual device
temp1:        +43.0 C  

spd5118-i2c-5-52
Adapter: SMBus I801 adapter at 0000:00:1f.4
temp1:        +40.2 C  (low  =  +0.0 C, high = +55.0 C)
                       (crit low =  +0.0 C, crit = +85.0 C)

nvme-pci-0200
Adapter: PCI adapter
Composite:    +43.9 C  (low  = -273.1 C, high = +75.8 C)
                       (crit = +86.8 C)
Sensor 1:     +43.9 C  (low  = -273.1 C, high = +65261.8 C)
Sensor 2:     +48.9 C  (low  = -273.1 C, high = +65261.8 C)

coretemp-isa-0000
Adapter: ISA adapter
Package id 0:  +85.0 C  (high = +100.0 C, crit = +100.0 C)
Core 0:        +70.0 C  (high = +100.0 C, crit = +100.0 C)
Core 4:        +79.0 C  (high = +100.0 C, crit = +100.0 C)
Core 8:        +71.0 C  (high = +100.0 C, crit = +100.0 C)
Core 12:       +83.0 C  (high = +100.0 C, crit = +100.0 C)
Core 16:       +73.0 C  (high = +100.0 C, crit = +100.0 C)
Core 20:       +85.0 C  (high = +100.0 C, crit = +100.0 C)
Core 24:       +72.0 C  (high = +100.0 C, crit = +100.0 C)
Core 28:       +83.0 C  (high = +100.0 C, crit = +100.0 C)
Core 32:       +72.0 C  (high = +100.0 C, crit = +100.0 C)
Core 33:       +72.0 C  (high = +100.0 C, crit = +100.0 C)
Core 34:       +72.0 C  (high = +100.0 C, crit = +100.0 C)
Core 35:       +72.0 C  (high = +100.0 C, crit = +100.0 C)
Core 36:       +83.0 C  (high = +100.0 C, crit = +100.0 C)
Core 37:       +83.0 C  (high = +100.0 C, crit = +100.0 C)
Core 38:       +83.0 C  (high = +100.0 C, crit = +100.0 C)
Core 39:       +81.0 C  (high = +100.0 C, crit = +100.0 C)
Core 40:       +73.0 C  (high = +100.0 C, crit = +100.0 C)
Core 41:       +73.0 C  (high = +100.0 C, crit = +100.0 C)
Core 42:       +73.0 C  (high = +100.0 C, crit = +100.0 C)
Core 43:       +73.0 C  (high = +100.0 C, crit = +100.0 C)
Core 44:       +79.0 C  (high = +100.0 C, crit = +100.0 C)
Core 45:       +79.0 C  (high = +100.0 C, crit = +100.0 C)
Core 46:       +79.0 C  (high = +100.0 C, crit = +100.0 C)
Core 47:       +79.0 C  (high = +100.0 C, crit = +100.0 C)

spd5118-i2c-5-50
Adapter: SMBus I801 adapter at 0000:00:1f.4
temp1:        +44.0 C  (low  =  +0.0 C, high = +55.0 C)
                       (crit low =  +0.0 C, crit = +85.0 C)

BAT0-acpi-0
Adapter: ACPI interface
in0:          16.38 V  
power1:        0.00 W  

### 2026-05-26T17:20:20+08:00 nvidia
2026/05/26 17:20:20.554, NVIDIA GeForce RTX 4060 Laptop GPU, GPU-5011cbcd-7033-6444-66e7-e485ade01645, P8, 48, 4.16, [N/A], 225, 405, 46, 36, 695
### 2026-05-26T17:20:20+08:00 cpu_frequency
/sys/devices/system/cpu/cpu0/cpufreq/scaling_cur_freq:3699962
/sys/devices/system/cpu/cpu1/cpufreq/scaling_cur_freq:3699962
/sys/devices/system/cpu/cpu10/cpufreq/scaling_cur_freq:3700000
/sys/devices/system/cpu/cpu11/cpufreq/scaling_cur_freq:3700037
/sys/devices/system/cpu/cpu12/cpufreq/scaling_cur_freq:3700037
/sys/devices/system/cpu/cpu13/cpufreq/scaling_cur_freq:3700037
/sys/devices/system/cpu/cpu14/cpufreq/scaling_cur_freq:3700000
/sys/devices/system/cpu/cpu15/cpufreq/scaling_cur_freq:3700000
/sys/devices/system/cpu/cpu16/cpufreq/scaling_cur_freq:3099948
/sys/devices/system/cpu/cpu17/cpufreq/scaling_cur_freq:3100022
/sys/devices/system/cpu/cpu18/cpufreq/scaling_cur_freq:3100012
/sys/devices/system/cpu/cpu19/cpufreq/scaling_cur_freq:3100062
/sys/devices/system/cpu/cpu2/cpufreq/scaling_cur_freq:3700037
/sys/devices/system/cpu/cpu20/cpufreq/scaling_cur_freq:3100081
/sys/devices/system/cpu/cpu21/cpufreq/scaling_cur_freq:3100017
/sys/devices/system/cpu/cpu22/cpufreq/scaling_cur_freq:3099963
/sys/devices/system/cpu/cpu23/cpufreq/scaling_cur_freq:3099986
/sys/devices/system/cpu/cpu24/cpufreq/scaling_cur_freq:3099953
/sys/devices/system/cpu/cpu25/cpufreq/scaling_cur_freq:3100038
/sys/devices/system/cpu/cpu26/cpufreq/scaling_cur_freq:3100039
/sys/devices/system/cpu/cpu27/cpufreq/scaling_cur_freq:3100018
/sys/devices/system/cpu/cpu28/cpufreq/scaling_cur_freq:3099996
/sys/devices/system/cpu/cpu29/cpufreq/scaling_cur_freq:3099952
/sys/devices/system/cpu/cpu3/cpufreq/scaling_cur_freq:3700037
/sys/devices/system/cpu/cpu30/cpufreq/scaling_cur_freq:3099907
/sys/devices/system/cpu/cpu31/cpufreq/scaling_cur_freq:3100013
/sys/devices/system/cpu/cpu4/cpufreq/scaling_cur_freq:3700000
/sys/devices/system/cpu/cpu5/cpufreq/scaling_cur_freq:3700000
/sys/devices/system/cpu/cpu6/cpufreq/scaling_cur_freq:3547151
/sys/devices/system/cpu/cpu7/cpufreq/scaling_cur_freq:3546934
/sys/devices/system/cpu/cpu8/cpufreq/scaling_cur_freq:3700000
/sys/devices/system/cpu/cpu9/cpufreq/scaling_cur_freq:3700000
### 2026-05-26T17:20:25+08:00 sensors
iwlwifi_1-virtual-0
Adapter: Virtual device
temp1:        +42.0 C  

spd5118-i2c-5-52
Adapter: SMBus I801 adapter at 0000:00:1f.4
temp1:        +40.2 C  (low  =  +0.0 C, high = +55.0 C)
                       (crit low =  +0.0 C, crit = +85.0 C)

nvme-pci-0200
Adapter: PCI adapter
Composite:    +43.9 C  (low  = -273.1 C, high = +75.8 C)
                       (crit = +86.8 C)
Sensor 1:     +43.9 C  (low  = -273.1 C, high = +65261.8 C)
Sensor 2:     +45.9 C  (low  = -273.1 C, high = +65261.8 C)

coretemp-isa-0000
Adapter: ISA adapter
Package id 0:  +67.0 C  (high = +100.0 C, crit = +100.0 C)
Core 0:        +58.0 C  (high = +100.0 C, crit = +100.0 C)
Core 4:        +57.0 C  (high = +100.0 C, crit = +100.0 C)
Core 8:        +58.0 C  (high = +100.0 C, crit = +100.0 C)
Core 12:       +59.0 C  (high = +100.0 C, crit = +100.0 C)
Core 16:       +57.0 C  (high = +100.0 C, crit = +100.0 C)
Core 20:       +56.0 C  (high = +100.0 C, crit = +100.0 C)
Core 24:       +57.0 C  (high = +100.0 C, crit = +100.0 C)
Core 28:       +55.0 C  (high = +100.0 C, crit = +100.0 C)
Core 32:       +57.0 C  (high = +100.0 C, crit = +100.0 C)
Core 33:       +57.0 C  (high = +100.0 C, crit = +100.0 C)
Core 34:       +57.0 C  (high = +100.0 C, crit = +100.0 C)
Core 35:       +57.0 C  (high = +100.0 C, crit = +100.0 C)
Core 36:       +59.0 C  (high = +100.0 C, crit = +100.0 C)
Core 37:       +59.0 C  (high = +100.0 C, crit = +100.0 C)
Core 38:       +59.0 C  (high = +100.0 C, crit = +100.0 C)
Core 39:       +59.0 C  (high = +100.0 C, crit = +100.0 C)
Core 40:       +61.0 C  (high = +100.0 C, crit = +100.0 C)
Core 41:       +61.0 C  (high = +100.0 C, crit = +100.0 C)
Core 42:       +61.0 C  (high = +100.0 C, crit = +100.0 C)
Core 43:       +61.0 C  (high = +100.0 C, crit = +100.0 C)
Core 44:       +66.0 C  (high = +100.0 C, crit = +100.0 C)
Core 45:       +66.0 C  (high = +100.0 C, crit = +100.0 C)
Core 46:       +66.0 C  (high = +100.0 C, crit = +100.0 C)
Core 47:       +66.0 C  (high = +100.0 C, crit = +100.0 C)

spd5118-i2c-5-50
Adapter: SMBus I801 adapter at 0000:00:1f.4
temp1:        +44.2 C  (low  =  +0.0 C, high = +55.0 C)
                       (crit low =  +0.0 C, crit = +85.0 C)

BAT0-acpi-0
Adapter: ACPI interface
in0:          16.38 V  
power1:        0.00 W  

### 2026-05-26T17:20:25+08:00 nvidia
2026/05/26 17:20:25.698, NVIDIA GeForce RTX 4060 Laptop GPU, GPU-5011cbcd-7033-6444-66e7-e485ade01645, P0, 50, 23.49, [N/A], 1890, 8001, 25, 9, 695
### 2026-05-26T17:20:25+08:00 cpu_frequency
/sys/devices/system/cpu/cpu0/cpufreq/scaling_cur_freq:800000
/sys/devices/system/cpu/cpu1/cpufreq/scaling_cur_freq:800000
/sys/devices/system/cpu/cpu10/cpufreq/scaling_cur_freq:900308
/sys/devices/system/cpu/cpu11/cpufreq/scaling_cur_freq:800000
/sys/devices/system/cpu/cpu12/cpufreq/scaling_cur_freq:800238
/sys/devices/system/cpu/cpu13/cpufreq/scaling_cur_freq:800000
/sys/devices/system/cpu/cpu14/cpufreq/scaling_cur_freq:4610220
/sys/devices/system/cpu/cpu15/cpufreq/scaling_cur_freq:800000
/sys/devices/system/cpu/cpu16/cpufreq/scaling_cur_freq:1335318
/sys/devices/system/cpu/cpu17/cpufreq/scaling_cur_freq:1049116
/sys/devices/system/cpu/cpu18/cpufreq/scaling_cur_freq:3514772
/sys/devices/system/cpu/cpu19/cpufreq/scaling_cur_freq:800000
/sys/devices/system/cpu/cpu2/cpufreq/scaling_cur_freq:800000
/sys/devices/system/cpu/cpu20/cpufreq/scaling_cur_freq:800000
/sys/devices/system/cpu/cpu21/cpufreq/scaling_cur_freq:800000
/sys/devices/system/cpu/cpu22/cpufreq/scaling_cur_freq:3487981
/sys/devices/system/cpu/cpu23/cpufreq/scaling_cur_freq:800000
/sys/devices/system/cpu/cpu24/cpufreq/scaling_cur_freq:981405
/sys/devices/system/cpu/cpu25/cpufreq/scaling_cur_freq:800000
/sys/devices/system/cpu/cpu26/cpufreq/scaling_cur_freq:800000
/sys/devices/system/cpu/cpu27/cpufreq/scaling_cur_freq:801116
/sys/devices/system/cpu/cpu28/cpufreq/scaling_cur_freq:3801698
/sys/devices/system/cpu/cpu29/cpufreq/scaling_cur_freq:3840189
/sys/devices/system/cpu/cpu3/cpufreq/scaling_cur_freq:800000
/sys/devices/system/cpu/cpu30/cpufreq/scaling_cur_freq:800000
/sys/devices/system/cpu/cpu31/cpufreq/scaling_cur_freq:1896351
/sys/devices/system/cpu/cpu4/cpufreq/scaling_cur_freq:800234
/sys/devices/system/cpu/cpu5/cpufreq/scaling_cur_freq:800000
/sys/devices/system/cpu/cpu6/cpufreq/scaling_cur_freq:3230614
/sys/devices/system/cpu/cpu7/cpufreq/scaling_cur_freq:3313657
/sys/devices/system/cpu/cpu8/cpufreq/scaling_cur_freq:2600986
/sys/devices/system/cpu/cpu9/cpufreq/scaling_cur_freq:800000
### 2026-05-26T17:20:30+08:00 sensors
iwlwifi_1-virtual-0
Adapter: Virtual device
temp1:        +42.0 C  

spd5118-i2c-5-52
Adapter: SMBus I801 adapter at 0000:00:1f.4
temp1:        +40.5 C  (low  =  +0.0 C, high = +55.0 C)
                       (crit low =  +0.0 C, crit = +85.0 C)

nvme-pci-0200
Adapter: PCI adapter
Composite:    +43.9 C  (low  = -273.1 C, high = +75.8 C)
                       (crit = +86.8 C)
Sensor 1:     +43.9 C  (low  = -273.1 C, high = +65261.8 C)
Sensor 2:     +44.9 C  (low  = -273.1 C, high = +65261.8 C)

coretemp-isa-0000
Adapter: ISA adapter
Package id 0:  +63.0 C  (high = +100.0 C, crit = +100.0 C)
Core 0:        +51.0 C  (high = +100.0 C, crit = +100.0 C)
Core 4:        +53.0 C  (high = +100.0 C, crit = +100.0 C)
Core 8:        +54.0 C  (high = +100.0 C, crit = +100.0 C)
Core 12:       +52.0 C  (high = +100.0 C, crit = +100.0 C)
Core 16:       +56.0 C  (high = +100.0 C, crit = +100.0 C)
Core 20:       +53.0 C  (high = +100.0 C, crit = +100.0 C)
Core 24:       +54.0 C  (high = +100.0 C, crit = +100.0 C)
Core 28:       +52.0 C  (high = +100.0 C, crit = +100.0 C)
Core 32:       +53.0 C  (high = +100.0 C, crit = +100.0 C)
Core 33:       +53.0 C  (high = +100.0 C, crit = +100.0 C)
Core 34:       +53.0 C  (high = +100.0 C, crit = +100.0 C)
Core 35:       +53.0 C  (high = +100.0 C, crit = +100.0 C)
Core 36:       +56.0 C  (high = +100.0 C, crit = +100.0 C)
Core 37:       +56.0 C  (high = +100.0 C, crit = +100.0 C)
Core 38:       +56.0 C  (high = +100.0 C, crit = +100.0 C)
Core 39:       +56.0 C  (high = +100.0 C, crit = +100.0 C)
Core 40:       +57.0 C  (high = +100.0 C, crit = +100.0 C)
Core 41:       +57.0 C  (high = +100.0 C, crit = +100.0 C)
Core 42:       +57.0 C  (high = +100.0 C, crit = +100.0 C)
Core 43:       +57.0 C  (high = +100.0 C, crit = +100.0 C)
Core 44:       +56.0 C  (high = +100.0 C, crit = +100.0 C)
Core 45:       +56.0 C  (high = +100.0 C, crit = +100.0 C)
Core 46:       +56.0 C  (high = +100.0 C, crit = +100.0 C)
Core 47:       +56.0 C  (high = +100.0 C, crit = +100.0 C)

spd5118-i2c-5-50
Adapter: SMBus I801 adapter at 0000:00:1f.4
temp1:        +44.5 C  (low  =  +0.0 C, high = +55.0 C)
                       (crit low =  +0.0 C, crit = +85.0 C)

BAT0-acpi-0
Adapter: ACPI interface
in0:          16.38 V  
power1:        0.00 W  

### 2026-05-26T17:20:30+08:00 nvidia
2026/05/26 17:20:30.831, NVIDIA GeForce RTX 4060 Laptop GPU, GPU-5011cbcd-7033-6444-66e7-e485ade01645, P4, 47, 10.38, [N/A], 735, 6001, 65, 9, 695
### 2026-05-26T17:20:30+08:00 cpu_frequency
/sys/devices/system/cpu/cpu0/cpufreq/scaling_cur_freq:4633246
/sys/devices/system/cpu/cpu1/cpufreq/scaling_cur_freq:800000
/sys/devices/system/cpu/cpu10/cpufreq/scaling_cur_freq:800000
/sys/devices/system/cpu/cpu11/cpufreq/scaling_cur_freq:800000
/sys/devices/system/cpu/cpu12/cpufreq/scaling_cur_freq:800000
/sys/devices/system/cpu/cpu13/cpufreq/scaling_cur_freq:800000
/sys/devices/system/cpu/cpu14/cpufreq/scaling_cur_freq:800000
/sys/devices/system/cpu/cpu15/cpufreq/scaling_cur_freq:800000
/sys/devices/system/cpu/cpu16/cpufreq/scaling_cur_freq:800000
/sys/devices/system/cpu/cpu17/cpufreq/scaling_cur_freq:3396854
/sys/devices/system/cpu/cpu18/cpufreq/scaling_cur_freq:799919
/sys/devices/system/cpu/cpu19/cpufreq/scaling_cur_freq:800000
/sys/devices/system/cpu/cpu2/cpufreq/scaling_cur_freq:800000
/sys/devices/system/cpu/cpu20/cpufreq/scaling_cur_freq:800000
/sys/devices/system/cpu/cpu21/cpufreq/scaling_cur_freq:3860973
/sys/devices/system/cpu/cpu22/cpufreq/scaling_cur_freq:2461146
/sys/devices/system/cpu/cpu23/cpufreq/scaling_cur_freq:800000
/sys/devices/system/cpu/cpu24/cpufreq/scaling_cur_freq:798861
/sys/devices/system/cpu/cpu25/cpufreq/scaling_cur_freq:799801
/sys/devices/system/cpu/cpu26/cpufreq/scaling_cur_freq:800000
/sys/devices/system/cpu/cpu27/cpufreq/scaling_cur_freq:800000
/sys/devices/system/cpu/cpu28/cpufreq/scaling_cur_freq:3395061
/sys/devices/system/cpu/cpu29/cpufreq/scaling_cur_freq:800000
/sys/devices/system/cpu/cpu3/cpufreq/scaling_cur_freq:801727
/sys/devices/system/cpu/cpu30/cpufreq/scaling_cur_freq:800000
/sys/devices/system/cpu/cpu31/cpufreq/scaling_cur_freq:800041
/sys/devices/system/cpu/cpu4/cpufreq/scaling_cur_freq:800000
/sys/devices/system/cpu/cpu5/cpufreq/scaling_cur_freq:800000
/sys/devices/system/cpu/cpu6/cpufreq/scaling_cur_freq:2651657
/sys/devices/system/cpu/cpu7/cpufreq/scaling_cur_freq:800000
/sys/devices/system/cpu/cpu8/cpufreq/scaling_cur_freq:5095727
/sys/devices/system/cpu/cpu9/cpufreq/scaling_cur_freq:800000
